rule_id,section_code,section,variable,data_variables,check_type,condition_questionnaire,condition_stata,condition_status,rule_expression_stata,source_regle,scope_stata,scope_source,scope_status,decision_status,action,script
Q_COVER_cover_id_PII,COVER,Couverture,cover_id,cover_id,confidentialite,,,PII_EXCLUDED,,questionnaire,$audit_scope,hypothese_apurement,a_valider,restriction_confidentialite,ne_pas_exporter,04_01_COVER_Couverture.do
Q_COVER_cover_district_MISSING,COVER,Couverture,cover_district,cover_district,manquant_univers,,1,translated,"((missing(cover_district) | trim(cover_district) == """")) & (1) & ($audit_scope)",questionnaire,$audit_scope,hypothese_apurement,a_valider,documente_questionnaire,export_excel_diagnostic,04_01_COVER_Couverture.do
Q_COVER_cover_region_MISSING,COVER,Couverture,cover_region,cover_region,manquant_univers,,1,translated,"((missing(cover_region) | trim(cover_region) == """")) & (1) & ($audit_scope)",questionnaire,$audit_scope,hypothese_apurement,a_valider,documente_questionnaire,export_excel_diagnostic,04_01_COVER_Couverture.do
Q_COVER_localite_MISSING,COVER,Couverture,localite,localite,manquant_univers,,1,translated,"((missing(localite) | trim(localite) == """")) & (1) & ($audit_scope)",questionnaire,$audit_scope,hypothese_apurement,a_valider,documente_questionnaire,export_excel_diagnostic,04_01_COVER_Couverture.do
Q_COVER_nom_PII,COVER,Couverture,nom,nom,confidentialite,,,PII_EXCLUDED,,questionnaire,$audit_scope,hypothese_apurement,a_valider,restriction_confidentialite,ne_pas_exporter,04_01_COVER_Couverture.do
Q_COVER_telephone_PII,COVER,Couverture,telephone,telephone,confidentialite,,,PII_EXCLUDED,,questionnaire,$audit_scope,hypothese_apurement,a_valider,restriction_confidentialite,ne_pas_exporter,04_01_COVER_Couverture.do
Q_A_nom_sup_MISSING,A,A.GESTION DES TENTATIVES D’APPEL,nom_sup,nom_sup,manquant_univers,,1,translated,(missing(nom_sup)) & (1) & ($audit_scope),questionnaire,$audit_scope,hypothese_apurement,a_valider,documente_questionnaire,export_excel_diagnostic,04_02_A_A_GESTION_DES_TENTATIVES_DAPPEL.do
Q_A_nom_sup_DOMAIN,A,A.GESTION DES TENTATIVES D’APPEL,nom_sup,nom_sup,domaine,,1,translated,"!((inlist(nom_sup, 1, 2))) & (!missing(nom_sup)) & ($audit_scope)",questionnaire,$audit_scope,hypothese_apurement,a_valider,documente_questionnaire,export_excel_diagnostic,04_02_A_A_GESTION_DES_TENTATIVES_DAPPEL.do
Q_A_nom_agent_MISSING,A,A.GESTION DES TENTATIVES D’APPEL,nom_agent,nom_agent,manquant_univers,,1,translated,(missing(nom_agent)) & (1) & ($audit_scope),questionnaire,$audit_scope,hypothese_apurement,a_valider,documente_questionnaire,export_excel_diagnostic,04_02_A_A_GESTION_DES_TENTATIVES_DAPPEL.do
Q_A_nom_agent_CASCADE_HIERARCHY_REVIEW,A,A.GESTION DES TENTATIVES D’APPEL,nom_agent,nom_agent,coherence_hierarchie_cascade,,1,A_VALIDER,,questionnaire,$audit_scope,hypothese_apurement,a_valider,a_valider,verifier_domaine_et_hierarchie_cascade,04_02_A_A_GESTION_DES_TENTATIVES_DAPPEL.do
Q_A_HHA_debut_MISSING,A,A.GESTION DES TENTATIVES D’APPEL,HHA_debut,HHA_debut,manquant_univers,,1,translated,"((missing(HHA_debut) | trim(HHA_debut) == """")) & (1) & ($audit_scope)",questionnaire,$audit_scope,hypothese_apurement,a_valider,documente_questionnaire,export_excel_diagnostic,04_02_A_A_GESTION_DES_TENTATIVES_DAPPEL.do
Q_A_A1_MISSING,A,A.GESTION DES TENTATIVES D’APPEL,A1,A1,manquant_univers,(HHA_debut!=null),(!missing(HHA_debut)),translated,(missing(A1)) & ((!missing(HHA_debut))) & ($audit_scope),questionnaire,$audit_scope,hypothese_apurement,a_valider,documente_questionnaire,export_excel_diagnostic,04_02_A_A_GESTION_DES_TENTATIVES_DAPPEL.do
Q_A_A1_SKIP,A,A.GESTION DES TENTATIVES D’APPEL,A1,A1,saut_univers,(HHA_debut!=null),(!missing(HHA_debut)),translated,(!missing(A1)) & !((!missing(HHA_debut))) & ($audit_scope),questionnaire,$audit_scope,hypothese_apurement,a_valider,documente_questionnaire,export_excel_diagnostic,04_02_A_A_GESTION_DES_TENTATIVES_DAPPEL.do
Q_A_A1_DOMAIN,A,A.GESTION DES TENTATIVES D’APPEL,A1,A1,domaine,(HHA_debut!=null),(!missing(HHA_debut)),translated,"!((inlist(A1, 1, 2, 3))) & (!missing(A1)) & ($audit_scope)",questionnaire,$audit_scope,hypothese_apurement,a_valider,documente_questionnaire,export_excel_diagnostic,04_02_A_A_GESTION_DES_TENTATIVES_DAPPEL.do
Q_A_A2_date_MISSING,A,A.GESTION DES TENTATIVES D’APPEL,A2_date,A2_date,manquant_univers,(HHA_debut!=null),(!missing(HHA_debut)),translated,"((missing(A2_date) | trim(A2_date) == """")) & ((!missing(HHA_debut))) & ($audit_scope)",questionnaire,$audit_scope,hypothese_apurement,a_valider,documente_questionnaire,export_excel_diagnostic,04_02_A_A_GESTION_DES_TENTATIVES_DAPPEL.do
Q_A_A2_date_SKIP,A,A.GESTION DES TENTATIVES D’APPEL,A2_date,A2_date,saut_univers,(HHA_debut!=null),(!missing(HHA_debut)),translated,"((!missing(A2_date) & trim(A2_date) != """")) & !((!missing(HHA_debut))) & ($audit_scope)",questionnaire,$audit_scope,hypothese_apurement,a_valider,documente_questionnaire,export_excel_diagnostic,04_02_A_A_GESTION_DES_TENTATIVES_DAPPEL.do
Q_A_A2_heure_MISSING,A,A.GESTION DES TENTATIVES D’APPEL,A2_heure,A2_heure,manquant_univers,(HHA_debut!=null),(!missing(HHA_debut)),translated,"((missing(A2_heure) | trim(A2_heure) == """")) & ((!missing(HHA_debut))) & ($audit_scope)",questionnaire,$audit_scope,hypothese_apurement,a_valider,documente_questionnaire,export_excel_diagnostic,04_02_A_A_GESTION_DES_TENTATIVES_DAPPEL.do
Q_A_A2_heure_SKIP,A,A.GESTION DES TENTATIVES D’APPEL,A2_heure,A2_heure,saut_univers,(HHA_debut!=null),(!missing(HHA_debut)),translated,"((!missing(A2_heure) & trim(A2_heure) != """")) & !((!missing(HHA_debut))) & ($audit_scope)",questionnaire,$audit_scope,hypothese_apurement,a_valider,documente_questionnaire,export_excel_diagnostic,04_02_A_A_GESTION_DES_TENTATIVES_DAPPEL.do
Q_A_A4_MISSING,A,A.GESTION DES TENTATIVES D’APPEL,A4,A4,manquant_univers,(HHA_debut!=null),(!missing(HHA_debut)),translated,(missing(A4)) & ((!missing(HHA_debut))) & ($audit_scope),questionnaire,$audit_scope,hypothese_apurement,a_valider,documente_questionnaire,export_excel_diagnostic,04_02_A_A_GESTION_DES_TENTATIVES_DAPPEL.do
Q_A_A4_SKIP,A,A.GESTION DES TENTATIVES D’APPEL,A4,A4,saut_univers,(HHA_debut!=null),(!missing(HHA_debut)),translated,(!missing(A4)) & !((!missing(HHA_debut))) & ($audit_scope),questionnaire,$audit_scope,hypothese_apurement,a_valider,documente_questionnaire,export_excel_diagnostic,04_02_A_A_GESTION_DES_TENTATIVES_DAPPEL.do
Q_A_A4_DOMAIN,A,A.GESTION DES TENTATIVES D’APPEL,A4,A4,domaine,(HHA_debut!=null),(!missing(HHA_debut)),translated,"!((inlist(A4, 1, 2, 3, 4, 5, 6, 7, 8))) & (!missing(A4)) & ($audit_scope)",questionnaire,$audit_scope,hypothese_apurement,a_valider,documente_questionnaire,export_excel_diagnostic,04_02_A_A_GESTION_DES_TENTATIVES_DAPPEL.do
Q_A_A4X_MISSING,A,A.GESTION DES TENTATIVES D’APPEL,A4X,A4X,manquant_univers,(A4==8),((!missing(A4) & (A4 == 8))),translated,"((missing(A4X) | trim(A4X) == """")) & (((!missing(A4) & (A4 == 8)))) & ($audit_scope)",questionnaire,$audit_scope,hypothese_apurement,a_valider,documente_questionnaire,export_excel_diagnostic,04_02_A_A_GESTION_DES_TENTATIVES_DAPPEL.do
Q_A_A4X_SKIP,A,A.GESTION DES TENTATIVES D’APPEL,A4X,A4X,saut_univers,(A4==8),((!missing(A4) & (A4 == 8))),translated,"((!missing(A4X) & trim(A4X) != """")) & !(((!missing(A4) & (A4 == 8)))) & ($audit_scope)",questionnaire,$audit_scope,hypothese_apurement,a_valider,documente_questionnaire,export_excel_diagnostic,04_02_A_A_GESTION_DES_TENTATIVES_DAPPEL.do
Q_A_A5_date_MISSING,A,A.GESTION DES TENTATIVES D’APPEL,A5_date,A5_date,manquant_univers,(A4==5 || A4==7),((!missing(A4) & (A4 == 5)) | (!missing(A4) & (A4 == 7))),translated,"((missing(A5_date) | trim(A5_date) == """")) & (((!missing(A4) & (A4 == 5)) | (!missing(A4) & (A4 == 7)))) & ($audit_scope)",questionnaire,$audit_scope,hypothese_apurement,a_valider,documente_questionnaire,export_excel_diagnostic,04_02_A_A_GESTION_DES_TENTATIVES_DAPPEL.do
Q_A_A5_date_SKIP,A,A.GESTION DES TENTATIVES D’APPEL,A5_date,A5_date,saut_univers,(A4==5 || A4==7),((!missing(A4) & (A4 == 5)) | (!missing(A4) & (A4 == 7))),translated,"((!missing(A5_date) & trim(A5_date) != """")) & !(((!missing(A4) & (A4 == 5)) | (!missing(A4) & (A4 == 7)))) & ($audit_scope)",questionnaire,$audit_scope,hypothese_apurement,a_valider,documente_questionnaire,export_excel_diagnostic,04_02_A_A_GESTION_DES_TENTATIVES_DAPPEL.do
Q_A_A5_heure_MISSING,A,A.GESTION DES TENTATIVES D’APPEL,A5_heure,A5_heure,manquant_univers,(A4==5 || A4==7),((!missing(A4) & (A4 == 5)) | (!missing(A4) & (A4 == 7))),translated,"((missing(A5_heure) | trim(A5_heure) == """")) & (((!missing(A4) & (A4 == 5)) | (!missing(A4) & (A4 == 7)))) & ($audit_scope)",questionnaire,$audit_scope,hypothese_apurement,a_valider,documente_questionnaire,export_excel_diagnostic,04_02_A_A_GESTION_DES_TENTATIVES_DAPPEL.do
Q_A_A5_heure_SKIP,A,A.GESTION DES TENTATIVES D’APPEL,A5_heure,A5_heure,saut_univers,(A4==5 || A4==7),((!missing(A4) & (A4 == 5)) | (!missing(A4) & (A4 == 7))),translated,"((!missing(A5_heure) & trim(A5_heure) != """")) & !(((!missing(A4) & (A4 == 5)) | (!missing(A4) & (A4 == 7)))) & ($audit_scope)",questionnaire,$audit_scope,hypothese_apurement,a_valider,documente_questionnaire,export_excel_diagnostic,04_02_A_A_GESTION_DES_TENTATIVES_DAPPEL.do
Q_A_HHA_fin_MISSING,A,A.GESTION DES TENTATIVES D’APPEL,HHA_fin,HHA_fin,manquant_univers,(HHA_debut!=null),(!missing(HHA_debut)),translated,"((missing(HHA_fin) | trim(HHA_fin) == """")) & ((!missing(HHA_debut))) & ($audit_scope)",questionnaire,$audit_scope,hypothese_apurement,a_valider,documente_questionnaire,export_excel_diagnostic,04_02_A_A_GESTION_DES_TENTATIVES_DAPPEL.do
Q_A_HHA_fin_SKIP,A,A.GESTION DES TENTATIVES D’APPEL,HHA_fin,HHA_fin,saut_univers,(HHA_debut!=null),(!missing(HHA_debut)),translated,"((!missing(HHA_fin) & trim(HHA_fin) != """")) & !((!missing(HHA_debut))) & ($audit_scope)",questionnaire,$audit_scope,hypothese_apurement,a_valider,documente_questionnaire,export_excel_diagnostic,04_02_A_A_GESTION_DES_TENTATIVES_DAPPEL.do
Q_B_HHB_debut_MISSING,B,B. IDENTIFICATION ET CONSENTEMENT,HHB_debut,HHB_debut,manquant_univers,,1,translated,"((missing(HHB_debut) | trim(HHB_debut) == """")) & (1) & ($audit_scope)",questionnaire,$audit_scope,hypothese_apurement,a_valider,documente_questionnaire,export_excel_diagnostic,04_03_B_B_IDENTIFICATION_ET_CONSENTEMENT.do
Q_B_B1_MISSING,B,B. IDENTIFICATION ET CONSENTEMENT,B1,B1,manquant_univers,,1,translated,(missing(B1)) & (1) & ($audit_scope),questionnaire,$audit_scope,hypothese_apurement,a_valider,documente_questionnaire,export_excel_diagnostic,04_03_B_B_IDENTIFICATION_ET_CONSENTEMENT.do
Q_B_B1_DOMAIN,B,B. IDENTIFICATION ET CONSENTEMENT,B1,B1,domaine,,1,translated,"!((inlist(B1, 105, 111, 113, 114))) & (!missing(B1)) & ($audit_scope)",questionnaire,$audit_scope,hypothese_apurement,a_valider,documente_questionnaire,export_excel_diagnostic,04_03_B_B_IDENTIFICATION_ET_CONSENTEMENT.do
Q_B_B2_MISSING,B,B. IDENTIFICATION ET CONSENTEMENT,B2,B2,manquant_univers,,1,translated,(missing(B2)) & (1) & ($audit_scope),questionnaire,$audit_scope,hypothese_apurement,a_valider,documente_questionnaire,export_excel_diagnostic,04_03_B_B_IDENTIFICATION_ET_CONSENTEMENT.do
Q_B_B2_CASCADE_HIERARCHY_REVIEW,B,B. IDENTIFICATION ET CONSENTEMENT,B2,B2,coherence_hierarchie_cascade,,1,A_VALIDER,,questionnaire,$audit_scope,hypothese_apurement,a_valider,a_valider,verifier_domaine_et_hierarchie_cascade,04_03_B_B_IDENTIFICATION_ET_CONSENTEMENT.do
Q_B_B3_MISSING,B,B. IDENTIFICATION ET CONSENTEMENT,B3,B3,manquant_univers,,1,translated,(missing(B3)) & (1) & ($audit_scope),questionnaire,$audit_scope,hypothese_apurement,a_valider,documente_questionnaire,export_excel_diagnostic,04_03_B_B_IDENTIFICATION_ET_CONSENTEMENT.do
Q_B_B3_CASCADE_HIERARCHY_REVIEW,B,B. IDENTIFICATION ET CONSENTEMENT,B3,B3,coherence_hierarchie_cascade,,1,A_VALIDER,,questionnaire,$audit_scope,hypothese_apurement,a_valider,a_valider,verifier_domaine_et_hierarchie_cascade,04_03_B_B_IDENTIFICATION_ET_CONSENTEMENT.do
Q_B_B4_MISSING,B,B. IDENTIFICATION ET CONSENTEMENT,B4,B4,manquant_univers,,1,translated,(missing(B4)) & (1) & ($audit_scope),questionnaire,$audit_scope,hypothese_apurement,a_valider,documente_questionnaire,export_excel_diagnostic,04_03_B_B_IDENTIFICATION_ET_CONSENTEMENT.do
Q_B_B4_CASCADE_HIERARCHY_REVIEW,B,B. IDENTIFICATION ET CONSENTEMENT,B4,B4,coherence_hierarchie_cascade,,1,A_VALIDER,,questionnaire,$audit_scope,hypothese_apurement,a_valider,a_valider,verifier_domaine_et_hierarchie_cascade,04_03_B_B_IDENTIFICATION_ET_CONSENTEMENT.do
Q_B_B5_MISSING,B,B. IDENTIFICATION ET CONSENTEMENT,B5,B5,manquant_univers,,1,translated,(missing(B5)) & (1) & ($audit_scope),questionnaire,$audit_scope,hypothese_apurement,a_valider,documente_questionnaire,export_excel_diagnostic,04_03_B_B_IDENTIFICATION_ET_CONSENTEMENT.do
Q_B_B5_DOMAIN,B,B. IDENTIFICATION ET CONSENTEMENT,B5,B5,domaine,,1,translated,"!((inlist(B5, 1, 2))) & (!missing(B5)) & ($audit_scope)",questionnaire,$audit_scope,hypothese_apurement,a_valider,documente_questionnaire,export_excel_diagnostic,04_03_B_B_IDENTIFICATION_ET_CONSENTEMENT.do
Q_B_B6_MISSING,B,B. IDENTIFICATION ET CONSENTEMENT,B6,B6,manquant_univers,,1,translated,(missing(B6)) & (1) & ($audit_scope),questionnaire,$audit_scope,hypothese_apurement,a_valider,documente_questionnaire,export_excel_diagnostic,04_03_B_B_IDENTIFICATION_ET_CONSENTEMENT.do
Q_B_B6_DOMAIN,B,B. IDENTIFICATION ET CONSENTEMENT,B6,B6,domaine,,1,translated,"!((inlist(B6, 1, 2))) & (!missing(B6)) & ($audit_scope)",questionnaire,$audit_scope,hypothese_apurement,a_valider,documente_questionnaire,export_excel_diagnostic,04_03_B_B_IDENTIFICATION_ET_CONSENTEMENT.do
Q_B_B6A_MISSING,B,B. IDENTIFICATION ET CONSENTEMENT,B6A,B6A,manquant_univers,(B6==2),((!missing(B6) & (B6 == 2))),translated,(missing(B6A)) & (((!missing(B6) & (B6 == 2)))) & ($audit_scope),questionnaire,$audit_scope,hypothese_apurement,a_valider,documente_questionnaire,export_excel_diagnostic,04_03_B_B_IDENTIFICATION_ET_CONSENTEMENT.do
Q_B_B6A_SKIP,B,B. IDENTIFICATION ET CONSENTEMENT,B6A,B6A,saut_univers,(B6==2),((!missing(B6) & (B6 == 2))),translated,(!missing(B6A)) & !(((!missing(B6) & (B6 == 2)))) & ($audit_scope),questionnaire,$audit_scope,hypothese_apurement,a_valider,documente_questionnaire,export_excel_diagnostic,04_03_B_B_IDENTIFICATION_ET_CONSENTEMENT.do
Q_B_B6A_DOMAIN,B,B. IDENTIFICATION ET CONSENTEMENT,B6A,B6A,domaine,(B6==2),((!missing(B6) & (B6 == 2))),translated,"!((inlist(B6A, 1, 2))) & (!missing(B6A)) & ($audit_scope)",questionnaire,$audit_scope,hypothese_apurement,a_valider,documente_questionnaire,export_excel_diagnostic,04_03_B_B_IDENTIFICATION_ET_CONSENTEMENT.do
Q_B_B6B_MISSING,B,B. IDENTIFICATION ET CONSENTEMENT,B6B,B6B,manquant_univers,(B6A==2),((!missing(B6A) & (B6A == 2))),translated,(missing(B6B)) & (((!missing(B6A) & (B6A == 2)))) & ($audit_scope),questionnaire,$audit_scope,hypothese_apurement,a_valider,documente_questionnaire,export_excel_diagnostic,04_03_B_B_IDENTIFICATION_ET_CONSENTEMENT.do
Q_B_B6B_SKIP,B,B. IDENTIFICATION ET CONSENTEMENT,B6B,B6B,saut_univers,(B6A==2),((!missing(B6A) & (B6A == 2))),translated,(!missing(B6B)) & !(((!missing(B6A) & (B6A == 2)))) & ($audit_scope),questionnaire,$audit_scope,hypothese_apurement,a_valider,documente_questionnaire,export_excel_diagnostic,04_03_B_B_IDENTIFICATION_ET_CONSENTEMENT.do
Q_B_B6B_DOMAIN,B,B. IDENTIFICATION ET CONSENTEMENT,B6B,B6B,domaine,(B6A==2),((!missing(B6A) & (B6A == 2))),translated,"!((inlist(B6B, 1, 2))) & (!missing(B6B)) & ($audit_scope)",questionnaire,$audit_scope,hypothese_apurement,a_valider,documente_questionnaire,export_excel_diagnostic,04_03_B_B_IDENTIFICATION_ET_CONSENTEMENT.do
Q_B_B6C_MISSING,B,B. IDENTIFICATION ET CONSENTEMENT,B6C,B6C,manquant_univers,(B6B==1),((!missing(B6B) & (B6B == 1))),translated,"((missing(B6C) | trim(B6C) == """")) & (((!missing(B6B) & (B6B == 1)))) & ($audit_scope)",questionnaire,$audit_scope,hypothese_apurement,a_valider,documente_questionnaire,export_excel_diagnostic,04_03_B_B_IDENTIFICATION_ET_CONSENTEMENT.do
Q_B_B6C_SKIP,B,B. IDENTIFICATION ET CONSENTEMENT,B6C,B6C,saut_univers,(B6B==1),((!missing(B6B) & (B6B == 1))),translated,"((!missing(B6C) & trim(B6C) != """")) & !(((!missing(B6B) & (B6B == 1)))) & ($audit_scope)",questionnaire,$audit_scope,hypothese_apurement,a_valider,documente_questionnaire,export_excel_diagnostic,04_03_B_B_IDENTIFICATION_ET_CONSENTEMENT.do
Q_B_B6D_MISSING,B,B. IDENTIFICATION ET CONSENTEMENT,B6D,B6D,manquant_univers,(B6==1 || B6A==1),((!missing(B6) & (B6 == 1)) | (!missing(B6A) & (B6A == 1))),translated,(missing(B6D)) & (((!missing(B6) & (B6 == 1)) | (!missing(B6A) & (B6A == 1)))) & ($audit_scope),questionnaire,$audit_scope,hypothese_apurement,a_valider,documente_questionnaire,export_excel_diagnostic,04_03_B_B_IDENTIFICATION_ET_CONSENTEMENT.do
Q_B_B6D_SKIP,B,B. IDENTIFICATION ET CONSENTEMENT,B6D,B6D,saut_univers,(B6==1 || B6A==1),((!missing(B6) & (B6 == 1)) | (!missing(B6A) & (B6A == 1))),translated,(!missing(B6D)) & !(((!missing(B6) & (B6 == 1)) | (!missing(B6A) & (B6A == 1)))) & ($audit_scope),questionnaire,$audit_scope,hypothese_apurement,a_valider,documente_questionnaire,export_excel_diagnostic,04_03_B_B_IDENTIFICATION_ET_CONSENTEMENT.do
Q_B_B6D_DOMAIN,B,B. IDENTIFICATION ET CONSENTEMENT,B6D,B6D,domaine,(B6==1 || B6A==1),((!missing(B6) & (B6 == 1)) | (!missing(B6A) & (B6A == 1))),translated,"!((inlist(B6D, 1, 2))) & (!missing(B6D)) & ($audit_scope)",questionnaire,$audit_scope,hypothese_apurement,a_valider,documente_questionnaire,export_excel_diagnostic,04_03_B_B_IDENTIFICATION_ET_CONSENTEMENT.do
Q_B_B6E_MISSING,B,B. IDENTIFICATION ET CONSENTEMENT,B6E,B6E,manquant_univers,(B6D==2),((!missing(B6D) & (B6D == 2))),translated,(missing(B6E)) & (((!missing(B6D) & (B6D == 2)))) & ($audit_scope),questionnaire,$audit_scope,hypothese_apurement,a_valider,documente_questionnaire,export_excel_diagnostic,04_03_B_B_IDENTIFICATION_ET_CONSENTEMENT.do
Q_B_B6E_SKIP,B,B. IDENTIFICATION ET CONSENTEMENT,B6E,B6E,saut_univers,(B6D==2),((!missing(B6D) & (B6D == 2))),translated,(!missing(B6E)) & !(((!missing(B6D) & (B6D == 2)))) & ($audit_scope),questionnaire,$audit_scope,hypothese_apurement,a_valider,documente_questionnaire,export_excel_diagnostic,04_03_B_B_IDENTIFICATION_ET_CONSENTEMENT.do
Q_B_B6E_DOMAIN,B,B. IDENTIFICATION ET CONSENTEMENT,B6E,B6E,domaine,(B6D==2),((!missing(B6D) & (B6D == 2))),translated,"!((inlist(B6E, 1, 2))) & (!missing(B6E)) & ($audit_scope)",questionnaire,$audit_scope,hypothese_apurement,a_valider,documente_questionnaire,export_excel_diagnostic,04_03_B_B_IDENTIFICATION_ET_CONSENTEMENT.do
Q_B_B6F_MISSING,B,B. IDENTIFICATION ET CONSENTEMENT,B6F,B6F,manquant_univers,(B6E==1),((!missing(B6E) & (B6E == 1))),translated,"((missing(B6F) | trim(B6F) == """")) & (((!missing(B6E) & (B6E == 1)))) & ($audit_scope)",questionnaire,$audit_scope,hypothese_apurement,a_valider,documente_questionnaire,export_excel_diagnostic,04_03_B_B_IDENTIFICATION_ET_CONSENTEMENT.do
Q_B_B6F_SKIP,B,B. IDENTIFICATION ET CONSENTEMENT,B6F,B6F,saut_univers,(B6E==1),((!missing(B6E) & (B6E == 1))),translated,"((!missing(B6F) & trim(B6F) != """")) & !(((!missing(B6E) & (B6E == 1)))) & ($audit_scope)",questionnaire,$audit_scope,hypothese_apurement,a_valider,documente_questionnaire,export_excel_diagnostic,04_03_B_B_IDENTIFICATION_ET_CONSENTEMENT.do
Q_B_consentement_COMPUTED,B,B. IDENTIFICATION ET CONSENTEMENT,consentement,consentement,variable_calculee,,,non_applicable,,questionnaire,$audit_scope,hypothese_apurement,a_valider,documente_questionnaire,documenter_sans_corriger,04_03_B_B_IDENTIFICATION_ET_CONSENTEMENT.do
Q_B_B7_PII,B,B. IDENTIFICATION ET CONSENTEMENT,B7,B7,confidentialite,(consentement==1),,PII_EXCLUDED,,questionnaire,$audit_scope,hypothese_apurement,a_valider,restriction_confidentialite,ne_pas_exporter,04_03_B_B_IDENTIFICATION_ET_CONSENTEMENT.do
Q_B_HHB_fin_MISSING,B,B. IDENTIFICATION ET CONSENTEMENT,HHB_fin,HHB_fin,manquant_univers,(HHA_debut!=null),(!missing(HHA_debut)),translated,"((missing(HHB_fin) | trim(HHB_fin) == """")) & ((!missing(HHA_debut))) & ($audit_scope)",questionnaire,$audit_scope,hypothese_apurement,a_valider,documente_questionnaire,export_excel_diagnostic,04_03_B_B_IDENTIFICATION_ET_CONSENTEMENT.do
Q_B_HHB_fin_SKIP,B,B. IDENTIFICATION ET CONSENTEMENT,HHB_fin,HHB_fin,saut_univers,(HHA_debut!=null),(!missing(HHA_debut)),translated,"((!missing(HHB_fin) & trim(HHB_fin) != """")) & !((!missing(HHA_debut))) & ($audit_scope)",questionnaire,$audit_scope,hypothese_apurement,a_valider,documente_questionnaire,export_excel_diagnostic,04_03_B_B_IDENTIFICATION_ET_CONSENTEMENT.do
Q_C_HHC_debut_MISSING,C,C. PROFIL SOCIODEMOGRAPHIQUE,HHC_debut,HHC_debut,manquant_univers,(HHB_fin!=null && consentement==1),(!missing(HHB_fin) & (!missing(consentement) & (consentement == 1))),translated,"((missing(HHC_debut) | trim(HHC_debut) == """")) & ((!missing(HHB_fin) & (!missing(consentement) & (consentement == 1)))) & ($audit_scope)",questionnaire,$audit_scope,hypothese_apurement,a_valider,documente_questionnaire,export_excel_diagnostic,04_04_C_C_PROFIL_SOCIODEMOGRAPHIQUE.do
Q_C_HHC_debut_SKIP,C,C. PROFIL SOCIODEMOGRAPHIQUE,HHC_debut,HHC_debut,saut_univers,(HHB_fin!=null && consentement==1),(!missing(HHB_fin) & (!missing(consentement) & (consentement == 1))),translated,"((!missing(HHC_debut) & trim(HHC_debut) != """")) & !((!missing(HHB_fin) & (!missing(consentement) & (consentement == 1)))) & ($audit_scope)",questionnaire,$audit_scope,hypothese_apurement,a_valider,documente_questionnaire,export_excel_diagnostic,04_04_C_C_PROFIL_SOCIODEMOGRAPHIQUE.do
Q_C_C1_MISSING,C,C. PROFIL SOCIODEMOGRAPHIQUE,C1,C1,manquant_univers,(HHB_fin!=null && consentement==1),(!missing(HHB_fin) & (!missing(consentement) & (consentement == 1))),translated,(missing(C1)) & ((!missing(HHB_fin) & (!missing(consentement) & (consentement == 1)))) & ($audit_scope),questionnaire,$audit_scope,hypothese_apurement,a_valider,documente_questionnaire,export_excel_diagnostic,04_04_C_C_PROFIL_SOCIODEMOGRAPHIQUE.do
Q_C_C1_SKIP,C,C. PROFIL SOCIODEMOGRAPHIQUE,C1,C1,saut_univers,(HHB_fin!=null && consentement==1),(!missing(HHB_fin) & (!missing(consentement) & (consentement == 1))),translated,(!missing(C1)) & !((!missing(HHB_fin) & (!missing(consentement) & (consentement == 1)))) & ($audit_scope),questionnaire,$audit_scope,hypothese_apurement,a_valider,documente_questionnaire,export_excel_diagnostic,04_04_C_C_PROFIL_SOCIODEMOGRAPHIQUE.do
Q_C_C1_DOMAIN,C,C. PROFIL SOCIODEMOGRAPHIQUE,C1,C1,domaine,(HHB_fin!=null && consentement==1),(!missing(HHB_fin) & (!missing(consentement) & (consentement == 1))),translated,"!((inlist(C1, 1, 2))) & (!missing(C1)) & ($audit_scope)",questionnaire,$audit_scope,hypothese_apurement,a_valider,documente_questionnaire,export_excel_diagnostic,04_04_C_C_PROFIL_SOCIODEMOGRAPHIQUE.do
Q_C_C2A_Jour_MISSING,C,C. PROFIL SOCIODEMOGRAPHIQUE,C2A_Jour,C2A_Jour,manquant_univers,(HHB_fin!=null && consentement==1),(!missing(HHB_fin) & (!missing(consentement) & (consentement == 1))),translated,(missing(C2A_Jour)) & ((!missing(HHB_fin) & (!missing(consentement) & (consentement == 1)))) & ($audit_scope),questionnaire,$audit_scope,hypothese_apurement,a_valider,documente_questionnaire,export_excel_diagnostic,04_04_C_C_PROFIL_SOCIODEMOGRAPHIQUE.do
Q_C_C2A_Jour_SKIP,C,C. PROFIL SOCIODEMOGRAPHIQUE,C2A_Jour,C2A_Jour,saut_univers,(HHB_fin!=null && consentement==1),(!missing(HHB_fin) & (!missing(consentement) & (consentement == 1))),translated,(!missing(C2A_Jour)) & !((!missing(HHB_fin) & (!missing(consentement) & (consentement == 1)))) & ($audit_scope),questionnaire,$audit_scope,hypothese_apurement,a_valider,documente_questionnaire,export_excel_diagnostic,04_04_C_C_PROFIL_SOCIODEMOGRAPHIQUE.do
Q_C_C2A_Jour_SPECIAL,C,C. PROFIL SOCIODEMOGRAPHIQUE,C2A_Jour,C2A_Jour,code_special_autorise,(HHB_fin!=null && consentement==1),(!missing(HHB_fin) & (!missing(consentement) & (consentement == 1))),translated,"(inlist(C2A_Jour, 98)) & (!missing(C2A_Jour)) & ($audit_scope)",questionnaire,$audit_scope,hypothese_apurement,a_valider,documente_questionnaire_action_a_valider,export_excel_diagnostic,04_04_C_C_PROFIL_SOCIODEMOGRAPHIQUE.do
Q_C_C2A_Jour_VALIDATION_1,C,C. PROFIL SOCIODEMOGRAPHIQUE,C2A_Jour,C2A_Jour,validation,(HHB_fin!=null && consentement==1),(!missing(HHB_fin) & (!missing(consentement) & (consentement == 1))),translated,(!missing(C2A_Jour)) & ((!missing(HHB_fin) & (!missing(consentement) & (consentement == 1)))) & !(((!missing(C2A_Jour) & (C2A_Jour >= 1)) & (!missing(C2A_Jour) & (C2A_Jour <= 31))) | (!missing(C2A_Jour) & (C2A_Jour == 98))) & ($audit_scope),questionnaire,$audit_scope,hypothese_apurement,a_valider,documente_questionnaire,export_excel_diagnostic,04_04_C_C_PROFIL_SOCIODEMOGRAPHIQUE.do
Q_C_C2A_Mois_MISSING,C,C. PROFIL SOCIODEMOGRAPHIQUE,C2A_Mois,C2A_Mois,manquant_univers,(HHB_fin!=null && consentement==1),(!missing(HHB_fin) & (!missing(consentement) & (consentement == 1))),translated,(missing(C2A_Mois)) & ((!missing(HHB_fin) & (!missing(consentement) & (consentement == 1)))) & ($audit_scope),questionnaire,$audit_scope,hypothese_apurement,a_valider,documente_questionnaire,export_excel_diagnostic,04_04_C_C_PROFIL_SOCIODEMOGRAPHIQUE.do
Q_C_C2A_Mois_SKIP,C,C. PROFIL SOCIODEMOGRAPHIQUE,C2A_Mois,C2A_Mois,saut_univers,(HHB_fin!=null && consentement==1),(!missing(HHB_fin) & (!missing(consentement) & (consentement == 1))),translated,(!missing(C2A_Mois)) & !((!missing(HHB_fin) & (!missing(consentement) & (consentement == 1)))) & ($audit_scope),questionnaire,$audit_scope,hypothese_apurement,a_valider,documente_questionnaire,export_excel_diagnostic,04_04_C_C_PROFIL_SOCIODEMOGRAPHIQUE.do
Q_C_C2A_Mois_SPECIAL,C,C. PROFIL SOCIODEMOGRAPHIQUE,C2A_Mois,C2A_Mois,code_special_autorise,(HHB_fin!=null && consentement==1),(!missing(HHB_fin) & (!missing(consentement) & (consentement == 1))),translated,"(inlist(C2A_Mois, 98)) & (!missing(C2A_Mois)) & ($audit_scope)",questionnaire,$audit_scope,hypothese_apurement,a_valider,documente_questionnaire_action_a_valider,export_excel_diagnostic,04_04_C_C_PROFIL_SOCIODEMOGRAPHIQUE.do
Q_C_C2A_Mois_VALIDATION_1,C,C. PROFIL SOCIODEMOGRAPHIQUE,C2A_Mois,C2A_Mois,validation,(HHB_fin!=null && consentement==1),(!missing(HHB_fin) & (!missing(consentement) & (consentement == 1))),translated,(!missing(C2A_Mois)) & ((!missing(HHB_fin) & (!missing(consentement) & (consentement == 1)))) & !(((!missing(C2A_Mois) & (C2A_Mois >= 1)) & (!missing(C2A_Mois) & (C2A_Mois <= 12))) | (!missing(C2A_Mois) & (C2A_Mois == 98))) & ($audit_scope),questionnaire,$audit_scope,hypothese_apurement,a_valider,documente_questionnaire,export_excel_diagnostic,04_04_C_C_PROFIL_SOCIODEMOGRAPHIQUE.do
Q_C_C2A_annee_MISSING,C,C. PROFIL SOCIODEMOGRAPHIQUE,C2A_annee,C2A_annee,manquant_univers,(HHB_fin!=null && consentement==1),(!missing(HHB_fin) & (!missing(consentement) & (consentement == 1))),translated,(missing(C2A_annee)) & ((!missing(HHB_fin) & (!missing(consentement) & (consentement == 1)))) & ($audit_scope),questionnaire,$audit_scope,hypothese_apurement,a_valider,documente_questionnaire,export_excel_diagnostic,04_04_C_C_PROFIL_SOCIODEMOGRAPHIQUE.do
Q_C_C2A_annee_SKIP,C,C. PROFIL SOCIODEMOGRAPHIQUE,C2A_annee,C2A_annee,saut_univers,(HHB_fin!=null && consentement==1),(!missing(HHB_fin) & (!missing(consentement) & (consentement == 1))),translated,(!missing(C2A_annee)) & !((!missing(HHB_fin) & (!missing(consentement) & (consentement == 1)))) & ($audit_scope),questionnaire,$audit_scope,hypothese_apurement,a_valider,documente_questionnaire,export_excel_diagnostic,04_04_C_C_PROFIL_SOCIODEMOGRAPHIQUE.do
Q_C_C2A_annee_SPECIAL,C,C. PROFIL SOCIODEMOGRAPHIQUE,C2A_annee,C2A_annee,code_special_autorise,(HHB_fin!=null && consentement==1),(!missing(HHB_fin) & (!missing(consentement) & (consentement == 1))),translated,"(inlist(C2A_annee, 9998)) & (!missing(C2A_annee)) & ($audit_scope)",questionnaire,$audit_scope,hypothese_apurement,a_valider,documente_questionnaire_action_a_valider,export_excel_diagnostic,04_04_C_C_PROFIL_SOCIODEMOGRAPHIQUE.do
Q_C_C2A_annee_VALIDATION_1,C,C. PROFIL SOCIODEMOGRAPHIQUE,C2A_annee,C2A_annee,validation,(HHB_fin!=null && consentement==1),(!missing(HHB_fin) & (!missing(consentement) & (consentement == 1))),translated,(!missing(C2A_annee)) & ((!missing(HHB_fin) & (!missing(consentement) & (consentement == 1)))) & !(((!missing(C2A_annee) & (C2A_annee >= 1950)) & (!missing(C2A_annee) & (C2A_annee <= 2026))) | (!missing(C2A_annee) & (C2A_annee == 9998))) & ($audit_scope),questionnaire,$audit_scope,hypothese_apurement,a_valider,documente_questionnaire,export_excel_diagnostic,04_04_C_C_PROFIL_SOCIODEMOGRAPHIQUE.do
Q_C_C2_MISSING,C,C. PROFIL SOCIODEMOGRAPHIQUE,C2,C2,manquant_univers,(HHB_fin!=null && consentement==1) && (C2A_annee==9998),(!missing(HHB_fin) & (!missing(consentement) & (consentement == 1))) & ((!missing(C2A_annee) & (C2A_annee == 9998))),translated,(missing(C2)) & ((!missing(HHB_fin) & (!missing(consentement) & (consentement == 1))) & ((!missing(C2A_annee) & (C2A_annee == 9998)))) & ($audit_scope),questionnaire,$audit_scope,hypothese_apurement,a_valider,documente_questionnaire,export_excel_diagnostic,04_04_C_C_PROFIL_SOCIODEMOGRAPHIQUE.do
Q_C_C2_SKIP,C,C. PROFIL SOCIODEMOGRAPHIQUE,C2,C2,saut_univers,(HHB_fin!=null && consentement==1) && (C2A_annee==9998),(!missing(HHB_fin) & (!missing(consentement) & (consentement == 1))) & ((!missing(C2A_annee) & (C2A_annee == 9998))),translated,(!missing(C2)) & !((!missing(HHB_fin) & (!missing(consentement) & (consentement == 1))) & ((!missing(C2A_annee) & (C2A_annee == 9998)))) & ($audit_scope),questionnaire,$audit_scope,hypothese_apurement,a_valider,documente_questionnaire,export_excel_diagnostic,04_04_C_C_PROFIL_SOCIODEMOGRAPHIQUE.do
Q_C_C3_MISSING,C,C. PROFIL SOCIODEMOGRAPHIQUE,C3,C3,manquant_univers,(HHB_fin!=null && consentement==1),(!missing(HHB_fin) & (!missing(consentement) & (consentement == 1))),translated,(missing(C3)) & ((!missing(HHB_fin) & (!missing(consentement) & (consentement == 1)))) & ($audit_scope),questionnaire,$audit_scope,hypothese_apurement,a_valider,documente_questionnaire,export_excel_diagnostic,04_04_C_C_PROFIL_SOCIODEMOGRAPHIQUE.do
Q_C_C3_SKIP,C,C. PROFIL SOCIODEMOGRAPHIQUE,C3,C3,saut_univers,(HHB_fin!=null && consentement==1),(!missing(HHB_fin) & (!missing(consentement) & (consentement == 1))),translated,(!missing(C3)) & !((!missing(HHB_fin) & (!missing(consentement) & (consentement == 1)))) & ($audit_scope),questionnaire,$audit_scope,hypothese_apurement,a_valider,documente_questionnaire,export_excel_diagnostic,04_04_C_C_PROFIL_SOCIODEMOGRAPHIQUE.do
Q_C_C3_DOMAIN,C,C. PROFIL SOCIODEMOGRAPHIQUE,C3,C3,domaine,(HHB_fin!=null && consentement==1),(!missing(HHB_fin) & (!missing(consentement) & (consentement == 1))),translated,"!((inlist(C3, 1, 2, 3, 4, 5, 6))) & (!missing(C3)) & ($audit_scope)",questionnaire,$audit_scope,hypothese_apurement,a_valider,documente_questionnaire,export_excel_diagnostic,04_04_C_C_PROFIL_SOCIODEMOGRAPHIQUE.do
Q_C_C4_MISSING,C,C. PROFIL SOCIODEMOGRAPHIQUE,C4,C4,manquant_univers,(HHB_fin!=null && consentement==1),(!missing(HHB_fin) & (!missing(consentement) & (consentement == 1))),translated,(missing(C4)) & ((!missing(HHB_fin) & (!missing(consentement) & (consentement == 1)))) & ($audit_scope),questionnaire,$audit_scope,hypothese_apurement,a_valider,documente_questionnaire,export_excel_diagnostic,04_04_C_C_PROFIL_SOCIODEMOGRAPHIQUE.do
Q_C_C4_SKIP,C,C. PROFIL SOCIODEMOGRAPHIQUE,C4,C4,saut_univers,(HHB_fin!=null && consentement==1),(!missing(HHB_fin) & (!missing(consentement) & (consentement == 1))),translated,(!missing(C4)) & !((!missing(HHB_fin) & (!missing(consentement) & (consentement == 1)))) & ($audit_scope),questionnaire,$audit_scope,hypothese_apurement,a_valider,documente_questionnaire,export_excel_diagnostic,04_04_C_C_PROFIL_SOCIODEMOGRAPHIQUE.do
Q_C_C4_DOMAIN,C,C. PROFIL SOCIODEMOGRAPHIQUE,C4,C4,domaine,(HHB_fin!=null && consentement==1),(!missing(HHB_fin) & (!missing(consentement) & (consentement == 1))),translated,"!((inlist(C4, 0, 1, 2, 3, 4, 5, 6, 7, 8, 9) | inlist(C4, 10, 11, 12))) & (!missing(C4)) & ($audit_scope)",questionnaire,$audit_scope,hypothese_apurement,a_valider,documente_questionnaire,export_excel_diagnostic,04_04_C_C_PROFIL_SOCIODEMOGRAPHIQUE.do
Q_C_C5_MISSING,C,C. PROFIL SOCIODEMOGRAPHIQUE,C5,C5,manquant_univers,(HHB_fin!=null && consentement==1) && (C4>=2),(!missing(HHB_fin) & (!missing(consentement) & (consentement == 1))) & ((!missing(C4) & (C4 >= 2))),translated,(missing(C5)) & ((!missing(HHB_fin) & (!missing(consentement) & (consentement == 1))) & ((!missing(C4) & (C4 >= 2)))) & ($audit_scope),questionnaire,$audit_scope,hypothese_apurement,a_valider,documente_questionnaire,export_excel_diagnostic,04_04_C_C_PROFIL_SOCIODEMOGRAPHIQUE.do
Q_C_C5_SKIP,C,C. PROFIL SOCIODEMOGRAPHIQUE,C5,C5,saut_univers,(HHB_fin!=null && consentement==1) && (C4>=2),(!missing(HHB_fin) & (!missing(consentement) & (consentement == 1))) & ((!missing(C4) & (C4 >= 2))),translated,(!missing(C5)) & !((!missing(HHB_fin) & (!missing(consentement) & (consentement == 1))) & ((!missing(C4) & (C4 >= 2)))) & ($audit_scope),questionnaire,$audit_scope,hypothese_apurement,a_valider,documente_questionnaire,export_excel_diagnostic,04_04_C_C_PROFIL_SOCIODEMOGRAPHIQUE.do
Q_C_C5_DOMAIN,C,C. PROFIL SOCIODEMOGRAPHIQUE,C5,C5,domaine,(HHB_fin!=null && consentement==1) && (C4>=2),(!missing(HHB_fin) & (!missing(consentement) & (consentement == 1))) & ((!missing(C4) & (C4 >= 2))),translated,"!((inlist(C5, 1, 2, 3, 4, 5, 6, 7, 8))) & (!missing(C5)) & ($audit_scope)",questionnaire,$audit_scope,hypothese_apurement,a_valider,documente_questionnaire,export_excel_diagnostic,04_04_C_C_PROFIL_SOCIODEMOGRAPHIQUE.do
Q_C_C6_MISSING,C,C. PROFIL SOCIODEMOGRAPHIQUE,C6,C6,manquant_univers,(HHB_fin!=null && consentement==1) && (C4<=2),(!missing(HHB_fin) & (!missing(consentement) & (consentement == 1))) & ((!missing(C4) & (C4 <= 2))),translated,(missing(C6)) & ((!missing(HHB_fin) & (!missing(consentement) & (consentement == 1))) & ((!missing(C4) & (C4 <= 2)))) & ($audit_scope),questionnaire,$audit_scope,hypothese_apurement,a_valider,documente_questionnaire,export_excel_diagnostic,04_04_C_C_PROFIL_SOCIODEMOGRAPHIQUE.do
Q_C_C6_SKIP,C,C. PROFIL SOCIODEMOGRAPHIQUE,C6,C6,saut_univers,(HHB_fin!=null && consentement==1) && (C4<=2),(!missing(HHB_fin) & (!missing(consentement) & (consentement == 1))) & ((!missing(C4) & (C4 <= 2))),translated,(!missing(C6)) & !((!missing(HHB_fin) & (!missing(consentement) & (consentement == 1))) & ((!missing(C4) & (C4 <= 2)))) & ($audit_scope),questionnaire,$audit_scope,hypothese_apurement,a_valider,documente_questionnaire,export_excel_diagnostic,04_04_C_C_PROFIL_SOCIODEMOGRAPHIQUE.do
Q_C_C6_DOMAIN,C,C. PROFIL SOCIODEMOGRAPHIQUE,C6,C6,domaine,(HHB_fin!=null && consentement==1) && (C4<=2),(!missing(HHB_fin) & (!missing(consentement) & (consentement == 1))) & ((!missing(C4) & (C4 <= 2))),translated,"!((inlist(C6, 1, 2))) & (!missing(C6)) & ($audit_scope)",questionnaire,$audit_scope,hypothese_apurement,a_valider,documente_questionnaire,export_excel_diagnostic,04_04_C_C_PROFIL_SOCIODEMOGRAPHIQUE.do
Q_C_C7_MISSING,C,C. PROFIL SOCIODEMOGRAPHIQUE,C7,C7,manquant_univers,(HHB_fin!=null && consentement==1),(!missing(HHB_fin) & (!missing(consentement) & (consentement == 1))),translated,(missing(C7)) & ((!missing(HHB_fin) & (!missing(consentement) & (consentement == 1)))) & ($audit_scope),questionnaire,$audit_scope,hypothese_apurement,a_valider,documente_questionnaire,export_excel_diagnostic,04_04_C_C_PROFIL_SOCIODEMOGRAPHIQUE.do
Q_C_C7_SKIP,C,C. PROFIL SOCIODEMOGRAPHIQUE,C7,C7,saut_univers,(HHB_fin!=null && consentement==1),(!missing(HHB_fin) & (!missing(consentement) & (consentement == 1))),translated,(!missing(C7)) & !((!missing(HHB_fin) & (!missing(consentement) & (consentement == 1)))) & ($audit_scope),questionnaire,$audit_scope,hypothese_apurement,a_valider,documente_questionnaire,export_excel_diagnostic,04_04_C_C_PROFIL_SOCIODEMOGRAPHIQUE.do
Q_C_C7_DOMAIN,C,C. PROFIL SOCIODEMOGRAPHIQUE,C7,C7,domaine,(HHB_fin!=null && consentement==1),(!missing(HHB_fin) & (!missing(consentement) & (consentement == 1))),translated,"!((inlist(C7, 1, 2))) & (!missing(C7)) & ($audit_scope)",questionnaire,$audit_scope,hypothese_apurement,a_valider,documente_questionnaire,export_excel_diagnostic,04_04_C_C_PROFIL_SOCIODEMOGRAPHIQUE.do
Q_C_C8_MISSING,C,C. PROFIL SOCIODEMOGRAPHIQUE,C8,C8,manquant_univers,(HHB_fin!=null && consentement==1) && (C7==1),(!missing(HHB_fin) & (!missing(consentement) & (consentement == 1))) & ((!missing(C7) & (C7 == 1))),translated,(missing(C8)) & ((!missing(HHB_fin) & (!missing(consentement) & (consentement == 1))) & ((!missing(C7) & (C7 == 1)))) & ($audit_scope),questionnaire,$audit_scope,hypothese_apurement,a_valider,documente_questionnaire,export_excel_diagnostic,04_04_C_C_PROFIL_SOCIODEMOGRAPHIQUE.do
Q_C_C8_SKIP,C,C. PROFIL SOCIODEMOGRAPHIQUE,C8,C8,saut_univers,(HHB_fin!=null && consentement==1) && (C7==1),(!missing(HHB_fin) & (!missing(consentement) & (consentement == 1))) & ((!missing(C7) & (C7 == 1))),translated,(!missing(C8)) & !((!missing(HHB_fin) & (!missing(consentement) & (consentement == 1))) & ((!missing(C7) & (C7 == 1)))) & ($audit_scope),questionnaire,$audit_scope,hypothese_apurement,a_valider,documente_questionnaire,export_excel_diagnostic,04_04_C_C_PROFIL_SOCIODEMOGRAPHIQUE.do
Q_C_C8_DOMAIN,C,C. PROFIL SOCIODEMOGRAPHIQUE,C8,C8,domaine,(HHB_fin!=null && consentement==1) && (C7==1),(!missing(HHB_fin) & (!missing(consentement) & (consentement == 1))) & ((!missing(C7) & (C7 == 1))),translated,"!((inlist(C8, 1, 2))) & (!missing(C8)) & ($audit_scope)",questionnaire,$audit_scope,hypothese_apurement,a_valider,documente_questionnaire,export_excel_diagnostic,04_04_C_C_PROFIL_SOCIODEMOGRAPHIQUE.do
Q_C_C9_MISSING,C,C. PROFIL SOCIODEMOGRAPHIQUE,C9,C9,manquant_univers,(HHB_fin!=null && consentement==1) && (C8==1),(!missing(HHB_fin) & (!missing(consentement) & (consentement == 1))) & ((!missing(C8) & (C8 == 1))),translated,"((missing(C9) | trim(C9) == """")) & ((!missing(HHB_fin) & (!missing(consentement) & (consentement == 1))) & ((!missing(C8) & (C8 == 1)))) & ($audit_scope)",questionnaire,$audit_scope,hypothese_apurement,a_valider,documente_questionnaire,export_excel_diagnostic,04_04_C_C_PROFIL_SOCIODEMOGRAPHIQUE.do
Q_C_C9_SKIP,C,C. PROFIL SOCIODEMOGRAPHIQUE,C9,C9,saut_univers,(HHB_fin!=null && consentement==1) && (C8==1),(!missing(HHB_fin) & (!missing(consentement) & (consentement == 1))) & ((!missing(C8) & (C8 == 1))),translated,"((!missing(C9) & trim(C9) != """")) & !((!missing(HHB_fin) & (!missing(consentement) & (consentement == 1))) & ((!missing(C8) & (C8 == 1)))) & ($audit_scope)",questionnaire,$audit_scope,hypothese_apurement,a_valider,documente_questionnaire,export_excel_diagnostic,04_04_C_C_PROFIL_SOCIODEMOGRAPHIQUE.do
Q_C_C10_MISSING,C,C. PROFIL SOCIODEMOGRAPHIQUE,C10,C10,manquant_univers,(HHB_fin!=null && consentement==1) && (C8==1),(!missing(HHB_fin) & (!missing(consentement) & (consentement == 1))) & ((!missing(C8) & (C8 == 1))),translated,"((missing(C10) | trim(C10) == """")) & ((!missing(HHB_fin) & (!missing(consentement) & (consentement == 1))) & ((!missing(C8) & (C8 == 1)))) & ($audit_scope)",questionnaire,$audit_scope,hypothese_apurement,a_valider,documente_questionnaire,export_excel_diagnostic,04_04_C_C_PROFIL_SOCIODEMOGRAPHIQUE.do
Q_C_C10_SKIP,C,C. PROFIL SOCIODEMOGRAPHIQUE,C10,C10,saut_univers,(HHB_fin!=null && consentement==1) && (C8==1),(!missing(HHB_fin) & (!missing(consentement) & (consentement == 1))) & ((!missing(C8) & (C8 == 1))),translated,"((!missing(C10) & trim(C10) != """")) & !((!missing(HHB_fin) & (!missing(consentement) & (consentement == 1))) & ((!missing(C8) & (C8 == 1)))) & ($audit_scope)",questionnaire,$audit_scope,hypothese_apurement,a_valider,documente_questionnaire,export_excel_diagnostic,04_04_C_C_PROFIL_SOCIODEMOGRAPHIQUE.do
Q_C_C11_MISSING,C,C. PROFIL SOCIODEMOGRAPHIQUE,C11,C11,manquant_univers,(HHB_fin!=null && consentement==1) && (C8==2),(!missing(HHB_fin) & (!missing(consentement) & (consentement == 1))) & ((!missing(C8) & (C8 == 2))),translated,"((missing(C11) | trim(C11) == """")) & ((!missing(HHB_fin) & (!missing(consentement) & (consentement == 1))) & ((!missing(C8) & (C8 == 2)))) & ($audit_scope)",questionnaire,$audit_scope,hypothese_apurement,a_valider,documente_questionnaire,export_excel_diagnostic,04_04_C_C_PROFIL_SOCIODEMOGRAPHIQUE.do
Q_C_C11_SKIP,C,C. PROFIL SOCIODEMOGRAPHIQUE,C11,C11,saut_univers,(HHB_fin!=null && consentement==1) && (C8==2),(!missing(HHB_fin) & (!missing(consentement) & (consentement == 1))) & ((!missing(C8) & (C8 == 2))),translated,"((!missing(C11) & trim(C11) != """")) & !((!missing(HHB_fin) & (!missing(consentement) & (consentement == 1))) & ((!missing(C8) & (C8 == 2)))) & ($audit_scope)",questionnaire,$audit_scope,hypothese_apurement,a_valider,documente_questionnaire,export_excel_diagnostic,04_04_C_C_PROFIL_SOCIODEMOGRAPHIQUE.do
Q_C_age_COMPUTED,C,C. PROFIL SOCIODEMOGRAPHIQUE,age,age,variable_calculee,(HHB_fin!=null && consentement==1),,non_applicable,,questionnaire,$audit_scope,hypothese_apurement,a_valider,documente_questionnaire,documenter_sans_corriger,04_04_C_C_PROFIL_SOCIODEMOGRAPHIQUE.do
Q_C_HHC_fin_MISSING,C,C. PROFIL SOCIODEMOGRAPHIQUE,HHC_fin,HHC_fin,manquant_univers,(HHB_fin!=null && consentement==1),(!missing(HHB_fin) & (!missing(consentement) & (consentement == 1))),translated,"((missing(HHC_fin) | trim(HHC_fin) == """")) & ((!missing(HHB_fin) & (!missing(consentement) & (consentement == 1)))) & ($audit_scope)",questionnaire,$audit_scope,hypothese_apurement,a_valider,documente_questionnaire,export_excel_diagnostic,04_04_C_C_PROFIL_SOCIODEMOGRAPHIQUE.do
Q_C_HHC_fin_SKIP,C,C. PROFIL SOCIODEMOGRAPHIQUE,HHC_fin,HHC_fin,saut_univers,(HHB_fin!=null && consentement==1),(!missing(HHB_fin) & (!missing(consentement) & (consentement == 1))),translated,"((!missing(HHC_fin) & trim(HHC_fin) != """")) & !((!missing(HHB_fin) & (!missing(consentement) & (consentement == 1)))) & ($audit_scope)",questionnaire,$audit_scope,hypothese_apurement,a_valider,documente_questionnaire,export_excel_diagnostic,04_04_C_C_PROFIL_SOCIODEMOGRAPHIQUE.do
Q_D_HHD_debut_MISSING,D,D. MENAGE,HHD_debut,HHD_debut,manquant_univers,(consentement==1 && HHC_fin!=null),((!missing(consentement) & (consentement == 1)) & !missing(HHC_fin)),translated,"((missing(HHD_debut) | trim(HHD_debut) == """")) & (((!missing(consentement) & (consentement == 1)) & !missing(HHC_fin))) & ($audit_scope)",questionnaire,$audit_scope,hypothese_apurement,a_valider,documente_questionnaire,export_excel_diagnostic,04_05_D_D_MENAGE.do
Q_D_HHD_debut_SKIP,D,D. MENAGE,HHD_debut,HHD_debut,saut_univers,(consentement==1 && HHC_fin!=null),((!missing(consentement) & (consentement == 1)) & !missing(HHC_fin)),translated,"((!missing(HHD_debut) & trim(HHD_debut) != """")) & !(((!missing(consentement) & (consentement == 1)) & !missing(HHC_fin))) & ($audit_scope)",questionnaire,$audit_scope,hypothese_apurement,a_valider,documente_questionnaire,export_excel_diagnostic,04_05_D_D_MENAGE.do
Q_D_D1_MISSING,D,D. MENAGE,D1,D1,manquant_univers,(consentement==1 && HHC_fin!=null),((!missing(consentement) & (consentement == 1)) & !missing(HHC_fin)),translated,(missing(D1)) & (((!missing(consentement) & (consentement == 1)) & !missing(HHC_fin))) & ($audit_scope),questionnaire,$audit_scope,hypothese_apurement,a_valider,documente_questionnaire,export_excel_diagnostic,04_05_D_D_MENAGE.do
Q_D_D1_SKIP,D,D. MENAGE,D1,D1,saut_univers,(consentement==1 && HHC_fin!=null),((!missing(consentement) & (consentement == 1)) & !missing(HHC_fin)),translated,(!missing(D1)) & !(((!missing(consentement) & (consentement == 1)) & !missing(HHC_fin))) & ($audit_scope),questionnaire,$audit_scope,hypothese_apurement,a_valider,documente_questionnaire,export_excel_diagnostic,04_05_D_D_MENAGE.do
Q_D_D2_MISSING,D,D. MENAGE,D2,D2,manquant_univers,(consentement==1 && HHC_fin!=null),((!missing(consentement) & (consentement == 1)) & !missing(HHC_fin)),translated,(missing(D2)) & (((!missing(consentement) & (consentement == 1)) & !missing(HHC_fin))) & ($audit_scope),questionnaire,$audit_scope,hypothese_apurement,a_valider,documente_questionnaire,export_excel_diagnostic,04_05_D_D_MENAGE.do
Q_D_D2_SKIP,D,D. MENAGE,D2,D2,saut_univers,(consentement==1 && HHC_fin!=null),((!missing(consentement) & (consentement == 1)) & !missing(HHC_fin)),translated,(!missing(D2)) & !(((!missing(consentement) & (consentement == 1)) & !missing(HHC_fin))) & ($audit_scope),questionnaire,$audit_scope,hypothese_apurement,a_valider,documente_questionnaire,export_excel_diagnostic,04_05_D_D_MENAGE.do
Q_D_D2_VALIDATION_1,D,D. MENAGE,D2,D2,validation,(consentement==1 && HHC_fin!=null),((!missing(consentement) & (consentement == 1)) & !missing(HHC_fin)),translated,(!missing(D2)) & (((!missing(consentement) & (consentement == 1)) & !missing(HHC_fin))) & !((!missing(D2) & !missing(D1) & (D2 < D1))) & ($audit_scope),questionnaire,$audit_scope,hypothese_apurement,a_valider,documente_questionnaire,export_excel_diagnostic,04_05_D_D_MENAGE.do
Q_D_D3_MISSING,D,D. MENAGE,D3,D3,manquant_univers,(consentement==1 && HHC_fin!=null),((!missing(consentement) & (consentement == 1)) & !missing(HHC_fin)),translated,(missing(D3)) & (((!missing(consentement) & (consentement == 1)) & !missing(HHC_fin))) & ($audit_scope),questionnaire,$audit_scope,hypothese_apurement,a_valider,documente_questionnaire,export_excel_diagnostic,04_05_D_D_MENAGE.do
Q_D_D3_SKIP,D,D. MENAGE,D3,D3,saut_univers,(consentement==1 && HHC_fin!=null),((!missing(consentement) & (consentement == 1)) & !missing(HHC_fin)),translated,(!missing(D3)) & !(((!missing(consentement) & (consentement == 1)) & !missing(HHC_fin))) & ($audit_scope),questionnaire,$audit_scope,hypothese_apurement,a_valider,documente_questionnaire,export_excel_diagnostic,04_05_D_D_MENAGE.do
Q_D_D3_DOMAIN,D,D. MENAGE,D3,D3,domaine,(consentement==1 && HHC_fin!=null),((!missing(consentement) & (consentement == 1)) & !missing(HHC_fin)),translated,"!((inlist(D3, 1, 2, 3, 4, 5, 6, 7))) & (!missing(D3)) & ($audit_scope)",questionnaire,$audit_scope,hypothese_apurement,a_valider,documente_questionnaire,export_excel_diagnostic,04_05_D_D_MENAGE.do
Q_D_D3X_MISSING,D,D. MENAGE,D3X,D3X,manquant_univers,(consentement==1 && HHC_fin!=null) && (D3==7),((!missing(consentement) & (consentement == 1)) & !missing(HHC_fin)) & ((!missing(D3) & (D3 == 7))),translated,"((missing(D3X) | trim(D3X) == """")) & (((!missing(consentement) & (consentement == 1)) & !missing(HHC_fin)) & ((!missing(D3) & (D3 == 7)))) & ($audit_scope)",questionnaire,$audit_scope,hypothese_apurement,a_valider,documente_questionnaire,export_excel_diagnostic,04_05_D_D_MENAGE.do
Q_D_D3X_SKIP,D,D. MENAGE,D3X,D3X,saut_univers,(consentement==1 && HHC_fin!=null) && (D3==7),((!missing(consentement) & (consentement == 1)) & !missing(HHC_fin)) & ((!missing(D3) & (D3 == 7))),translated,"((!missing(D3X) & trim(D3X) != """")) & !(((!missing(consentement) & (consentement == 1)) & !missing(HHC_fin)) & ((!missing(D3) & (D3 == 7)))) & ($audit_scope)",questionnaire,$audit_scope,hypothese_apurement,a_valider,documente_questionnaire,export_excel_diagnostic,04_05_D_D_MENAGE.do
Q_D_D4_MISSING,D,D. MENAGE,D4,D4,manquant_univers,(consentement==1 && HHC_fin!=null),((!missing(consentement) & (consentement == 1)) & !missing(HHC_fin)),translated,(missing(D4)) & (((!missing(consentement) & (consentement == 1)) & !missing(HHC_fin))) & ($audit_scope),questionnaire,$audit_scope,hypothese_apurement,a_valider,documente_questionnaire,export_excel_diagnostic,04_05_D_D_MENAGE.do
Q_D_D4_SKIP,D,D. MENAGE,D4,D4,saut_univers,(consentement==1 && HHC_fin!=null),((!missing(consentement) & (consentement == 1)) & !missing(HHC_fin)),translated,(!missing(D4)) & !(((!missing(consentement) & (consentement == 1)) & !missing(HHC_fin))) & ($audit_scope),questionnaire,$audit_scope,hypothese_apurement,a_valider,documente_questionnaire,export_excel_diagnostic,04_05_D_D_MENAGE.do
Q_D_D5_MISSING,D,D. MENAGE,D5,D5__1|D5__2|D5__3|D5__4|D5__5|D5__6|D5__7|D5__8|D5__9|D5__10|D5__11,manquant_univers_multiselect,(consentement==1 && HHC_fin!=null),((!missing(consentement) & (consentement == 1)) & !missing(HHC_fin)),translated,(missing(D5__1) & missing(D5__2) & missing(D5__3) & missing(D5__4) & missing(D5__5) & missing(D5__6) & missing(D5__7) & missing(D5__8) & missing(D5__9) & missing(D5__10) & missing(D5__11)) & (((!missing(consentement) & (consentement == 1)) & !missing(HHC_fin))) & ($audit_scope),questionnaire,$audit_scope,hypothese_apurement,a_valider,documente_questionnaire,export_excel_diagnostic,04_05_D_D_MENAGE.do
Q_D_D5_SKIP,D,D. MENAGE,D5,D5__1|D5__2|D5__3|D5__4|D5__5|D5__6|D5__7|D5__8|D5__9|D5__10|D5__11,saut_univers_multiselect,(consentement==1 && HHC_fin!=null),((!missing(consentement) & (consentement == 1)) & !missing(HHC_fin)),translated,(!missing(D5__1) | !missing(D5__2) | !missing(D5__3) | !missing(D5__4) | !missing(D5__5) | !missing(D5__6) | !missing(D5__7) | !missing(D5__8) | !missing(D5__9) | !missing(D5__10) | !missing(D5__11)) & !(((!missing(consentement) & (consentement == 1)) & !missing(HHC_fin))) & ($audit_scope),questionnaire,$audit_scope,hypothese_apurement,a_valider,documente_questionnaire,export_excel_diagnostic,04_05_D_D_MENAGE.do
Q_D_D5_DOMAIN_D5__1,D,D. MENAGE,D5,D5__1,domaine_multiselect,(consentement==1 && HHC_fin!=null),((!missing(consentement) & (consentement == 1)) & !missing(HHC_fin)),translated,"!inlist(D5__1, 0, 1) & !missing(D5__1) & ($audit_scope)",questionnaire,$audit_scope,hypothese_apurement,a_valider,documente_questionnaire,export_excel_diagnostic,04_05_D_D_MENAGE.do
Q_D_D5_DOMAIN_D5__2,D,D. MENAGE,D5,D5__2,domaine_multiselect,(consentement==1 && HHC_fin!=null),((!missing(consentement) & (consentement == 1)) & !missing(HHC_fin)),translated,"!inlist(D5__2, 0, 1) & !missing(D5__2) & ($audit_scope)",questionnaire,$audit_scope,hypothese_apurement,a_valider,documente_questionnaire,export_excel_diagnostic,04_05_D_D_MENAGE.do
Q_D_D5_DOMAIN_D5__3,D,D. MENAGE,D5,D5__3,domaine_multiselect,(consentement==1 && HHC_fin!=null),((!missing(consentement) & (consentement == 1)) & !missing(HHC_fin)),translated,"!inlist(D5__3, 0, 1) & !missing(D5__3) & ($audit_scope)",questionnaire,$audit_scope,hypothese_apurement,a_valider,documente_questionnaire,export_excel_diagnostic,04_05_D_D_MENAGE.do
Q_D_D5_DOMAIN_D5__4,D,D. MENAGE,D5,D5__4,domaine_multiselect,(consentement==1 && HHC_fin!=null),((!missing(consentement) & (consentement == 1)) & !missing(HHC_fin)),translated,"!inlist(D5__4, 0, 1) & !missing(D5__4) & ($audit_scope)",questionnaire,$audit_scope,hypothese_apurement,a_valider,documente_questionnaire,export_excel_diagnostic,04_05_D_D_MENAGE.do
Q_D_D5_DOMAIN_D5__5,D,D. MENAGE,D5,D5__5,domaine_multiselect,(consentement==1 && HHC_fin!=null),((!missing(consentement) & (consentement == 1)) & !missing(HHC_fin)),translated,"!inlist(D5__5, 0, 1) & !missing(D5__5) & ($audit_scope)",questionnaire,$audit_scope,hypothese_apurement,a_valider,documente_questionnaire,export_excel_diagnostic,04_05_D_D_MENAGE.do
Q_D_D5_DOMAIN_D5__6,D,D. MENAGE,D5,D5__6,domaine_multiselect,(consentement==1 && HHC_fin!=null),((!missing(consentement) & (consentement == 1)) & !missing(HHC_fin)),translated,"!inlist(D5__6, 0, 1) & !missing(D5__6) & ($audit_scope)",questionnaire,$audit_scope,hypothese_apurement,a_valider,documente_questionnaire,export_excel_diagnostic,04_05_D_D_MENAGE.do
Q_D_D5_DOMAIN_D5__7,D,D. MENAGE,D5,D5__7,domaine_multiselect,(consentement==1 && HHC_fin!=null),((!missing(consentement) & (consentement == 1)) & !missing(HHC_fin)),translated,"!inlist(D5__7, 0, 1) & !missing(D5__7) & ($audit_scope)",questionnaire,$audit_scope,hypothese_apurement,a_valider,documente_questionnaire,export_excel_diagnostic,04_05_D_D_MENAGE.do
Q_D_D5_DOMAIN_D5__8,D,D. MENAGE,D5,D5__8,domaine_multiselect,(consentement==1 && HHC_fin!=null),((!missing(consentement) & (consentement == 1)) & !missing(HHC_fin)),translated,"!inlist(D5__8, 0, 1) & !missing(D5__8) & ($audit_scope)",questionnaire,$audit_scope,hypothese_apurement,a_valider,documente_questionnaire,export_excel_diagnostic,04_05_D_D_MENAGE.do
Q_D_D5_DOMAIN_D5__9,D,D. MENAGE,D5,D5__9,domaine_multiselect,(consentement==1 && HHC_fin!=null),((!missing(consentement) & (consentement == 1)) & !missing(HHC_fin)),translated,"!inlist(D5__9, 0, 1) & !missing(D5__9) & ($audit_scope)",questionnaire,$audit_scope,hypothese_apurement,a_valider,documente_questionnaire,export_excel_diagnostic,04_05_D_D_MENAGE.do
Q_D_D5_DOMAIN_D5__10,D,D. MENAGE,D5,D5__10,domaine_multiselect,(consentement==1 && HHC_fin!=null),((!missing(consentement) & (consentement == 1)) & !missing(HHC_fin)),translated,"!inlist(D5__10, 0, 1) & !missing(D5__10) & ($audit_scope)",questionnaire,$audit_scope,hypothese_apurement,a_valider,documente_questionnaire,export_excel_diagnostic,04_05_D_D_MENAGE.do
Q_D_D5_DOMAIN_D5__11,D,D. MENAGE,D5,D5__11,domaine_multiselect,(consentement==1 && HHC_fin!=null),((!missing(consentement) & (consentement == 1)) & !missing(HHC_fin)),translated,"!inlist(D5__11, 0, 1) & !missing(D5__11) & ($audit_scope)",questionnaire,$audit_scope,hypothese_apurement,a_valider,documente_questionnaire,export_excel_diagnostic,04_05_D_D_MENAGE.do
Q_D_D5_VALIDATION_1,D,D. MENAGE,D5,D5__1|D5__2|D5__3|D5__4|D5__5|D5__6|D5__7|D5__8|D5__9|D5__10|D5__11,validation_multiselect,(consentement==1 && HHC_fin!=null),((!missing(consentement) & (consentement == 1)) & !missing(HHC_fin)),translated,(!missing(D5__1) | !missing(D5__2) | !missing(D5__3) | !missing(D5__4) | !missing(D5__5) | !missing(D5__6) | !missing(D5__7) | !missing(D5__8) | !missing(D5__9) | !missing(D5__10) | !missing(D5__11)) & (((!missing(consentement) & (consentement == 1)) & !missing(HHC_fin))) & !(!(((!missing(D5__11) & (D5__11 == 1))) & (D5__1 + D5__2 + D5__3 + D5__4 + D5__5 + D5__6 + D5__7 + D5__8 + D5__9 + D5__10 + D5__11) > 1)) & ($audit_scope),questionnaire,$audit_scope,hypothese_apurement,a_valider,documente_questionnaire,export_excel_diagnostic,04_05_D_D_MENAGE.do
Q_D_HHD_fin_MISSING,D,D. MENAGE,HHD_fin,HHD_fin,manquant_univers,(consentement==1 && HHC_fin!=null),((!missing(consentement) & (consentement == 1)) & !missing(HHC_fin)),translated,"((missing(HHD_fin) | trim(HHD_fin) == """")) & (((!missing(consentement) & (consentement == 1)) & !missing(HHC_fin))) & ($audit_scope)",questionnaire,$audit_scope,hypothese_apurement,a_valider,documente_questionnaire,export_excel_diagnostic,04_05_D_D_MENAGE.do
Q_D_HHD_fin_SKIP,D,D. MENAGE,HHD_fin,HHD_fin,saut_univers,(consentement==1 && HHC_fin!=null),((!missing(consentement) & (consentement == 1)) & !missing(HHC_fin)),translated,"((!missing(HHD_fin) & trim(HHD_fin) != """")) & !(((!missing(consentement) & (consentement == 1)) & !missing(HHC_fin))) & ($audit_scope)",questionnaire,$audit_scope,hypothese_apurement,a_valider,documente_questionnaire,export_excel_diagnostic,04_05_D_D_MENAGE.do
Q_E_HHE_debut_MISSING,E,E. STATUT D'ACTIVITE,HHE_debut,HHE_debut,manquant_univers,(consentement==1 && HHD_fin!=null),((!missing(consentement) & (consentement == 1)) & !missing(HHD_fin)),translated,"((missing(HHE_debut) | trim(HHE_debut) == """")) & (((!missing(consentement) & (consentement == 1)) & !missing(HHD_fin))) & ($audit_scope)",questionnaire,$audit_scope,hypothese_apurement,a_valider,documente_questionnaire,export_excel_diagnostic,04_06_E_E_STATUT_D_ACTIVITE.do
Q_E_HHE_debut_SKIP,E,E. STATUT D'ACTIVITE,HHE_debut,HHE_debut,saut_univers,(consentement==1 && HHD_fin!=null),((!missing(consentement) & (consentement == 1)) & !missing(HHD_fin)),translated,"((!missing(HHE_debut) & trim(HHE_debut) != """")) & !(((!missing(consentement) & (consentement == 1)) & !missing(HHD_fin))) & ($audit_scope)",questionnaire,$audit_scope,hypothese_apurement,a_valider,documente_questionnaire,export_excel_diagnostic,04_06_E_E_STATUT_D_ACTIVITE.do
Q_E_E1_MISSING,E,E. STATUT D'ACTIVITE,E1,E1,manquant_univers,(consentement==1 && HHD_fin!=null),((!missing(consentement) & (consentement == 1)) & !missing(HHD_fin)),translated,(missing(E1)) & (((!missing(consentement) & (consentement == 1)) & !missing(HHD_fin))) & ($audit_scope),questionnaire,$audit_scope,hypothese_apurement,a_valider,documente_questionnaire,export_excel_diagnostic,04_06_E_E_STATUT_D_ACTIVITE.do
Q_E_E1_SKIP,E,E. STATUT D'ACTIVITE,E1,E1,saut_univers,(consentement==1 && HHD_fin!=null),((!missing(consentement) & (consentement == 1)) & !missing(HHD_fin)),translated,(!missing(E1)) & !(((!missing(consentement) & (consentement == 1)) & !missing(HHD_fin))) & ($audit_scope),questionnaire,$audit_scope,hypothese_apurement,a_valider,documente_questionnaire,export_excel_diagnostic,04_06_E_E_STATUT_D_ACTIVITE.do
Q_E_E1_DOMAIN,E,E. STATUT D'ACTIVITE,E1,E1,domaine,(consentement==1 && HHD_fin!=null),((!missing(consentement) & (consentement == 1)) & !missing(HHD_fin)),translated,"!((inlist(E1, 1, 2))) & (!missing(E1)) & ($audit_scope)",questionnaire,$audit_scope,hypothese_apurement,a_valider,documente_questionnaire,export_excel_diagnostic,04_06_E_E_STATUT_D_ACTIVITE.do
Q_E_E2_MISSING,E,E. STATUT D'ACTIVITE,E2,E2,manquant_univers,(consentement==1 && HHD_fin!=null) && (E1==2),((!missing(consentement) & (consentement == 1)) & !missing(HHD_fin)) & ((!missing(E1) & (E1 == 2))),translated,(missing(E2)) & (((!missing(consentement) & (consentement == 1)) & !missing(HHD_fin)) & ((!missing(E1) & (E1 == 2)))) & ($audit_scope),questionnaire,$audit_scope,hypothese_apurement,a_valider,documente_questionnaire,export_excel_diagnostic,04_06_E_E_STATUT_D_ACTIVITE.do
Q_E_E2_SKIP,E,E. STATUT D'ACTIVITE,E2,E2,saut_univers,(consentement==1 && HHD_fin!=null) && (E1==2),((!missing(consentement) & (consentement == 1)) & !missing(HHD_fin)) & ((!missing(E1) & (E1 == 2))),translated,(!missing(E2)) & !(((!missing(consentement) & (consentement == 1)) & !missing(HHD_fin)) & ((!missing(E1) & (E1 == 2)))) & ($audit_scope),questionnaire,$audit_scope,hypothese_apurement,a_valider,documente_questionnaire,export_excel_diagnostic,04_06_E_E_STATUT_D_ACTIVITE.do
Q_E_E2_DOMAIN,E,E. STATUT D'ACTIVITE,E2,E2,domaine,(consentement==1 && HHD_fin!=null) && (E1==2),((!missing(consentement) & (consentement == 1)) & !missing(HHD_fin)) & ((!missing(E1) & (E1 == 2))),translated,"!((inlist(E2, 1, 2))) & (!missing(E2)) & ($audit_scope)",questionnaire,$audit_scope,hypothese_apurement,a_valider,documente_questionnaire,export_excel_diagnostic,04_06_E_E_STATUT_D_ACTIVITE.do
Q_E_E3_MISSING,E,E. STATUT D'ACTIVITE,E3,E3,manquant_univers,(consentement==1 && HHD_fin!=null) && (E1==2 && E2==2),((!missing(consentement) & (consentement == 1)) & !missing(HHD_fin)) & ((!missing(E1) & (E1 == 2)) & (!missing(E2) & (E2 == 2))),translated,(missing(E3)) & (((!missing(consentement) & (consentement == 1)) & !missing(HHD_fin)) & ((!missing(E1) & (E1 == 2)) & (!missing(E2) & (E2 == 2)))) & ($audit_scope),questionnaire,$audit_scope,hypothese_apurement,a_valider,documente_questionnaire,export_excel_diagnostic,04_06_E_E_STATUT_D_ACTIVITE.do
Q_E_E3_SKIP,E,E. STATUT D'ACTIVITE,E3,E3,saut_univers,(consentement==1 && HHD_fin!=null) && (E1==2 && E2==2),((!missing(consentement) & (consentement == 1)) & !missing(HHD_fin)) & ((!missing(E1) & (E1 == 2)) & (!missing(E2) & (E2 == 2))),translated,(!missing(E3)) & !(((!missing(consentement) & (consentement == 1)) & !missing(HHD_fin)) & ((!missing(E1) & (E1 == 2)) & (!missing(E2) & (E2 == 2)))) & ($audit_scope),questionnaire,$audit_scope,hypothese_apurement,a_valider,documente_questionnaire,export_excel_diagnostic,04_06_E_E_STATUT_D_ACTIVITE.do
Q_E_E3_DOMAIN,E,E. STATUT D'ACTIVITE,E3,E3,domaine,(consentement==1 && HHD_fin!=null) && (E1==2 && E2==2),((!missing(consentement) & (consentement == 1)) & !missing(HHD_fin)) & ((!missing(E1) & (E1 == 2)) & (!missing(E2) & (E2 == 2))),translated,"!((inlist(E3, 1, 2))) & (!missing(E3)) & ($audit_scope)",questionnaire,$audit_scope,hypothese_apurement,a_valider,documente_questionnaire,export_excel_diagnostic,04_06_E_E_STATUT_D_ACTIVITE.do
Q_E_E3A_MISSING,E,E. STATUT D'ACTIVITE,E3A,E3A,manquant_univers,(consentement==1 && HHD_fin!=null) && (E3==1),((!missing(consentement) & (consentement == 1)) & !missing(HHD_fin)) & ((!missing(E3) & (E3 == 1))),translated,(missing(E3A)) & (((!missing(consentement) & (consentement == 1)) & !missing(HHD_fin)) & ((!missing(E3) & (E3 == 1)))) & ($audit_scope),questionnaire,$audit_scope,hypothese_apurement,a_valider,documente_questionnaire,export_excel_diagnostic,04_06_E_E_STATUT_D_ACTIVITE.do
Q_E_E3A_SKIP,E,E. STATUT D'ACTIVITE,E3A,E3A,saut_univers,(consentement==1 && HHD_fin!=null) && (E3==1),((!missing(consentement) & (consentement == 1)) & !missing(HHD_fin)) & ((!missing(E3) & (E3 == 1))),translated,(!missing(E3A)) & !(((!missing(consentement) & (consentement == 1)) & !missing(HHD_fin)) & ((!missing(E3) & (E3 == 1)))) & ($audit_scope),questionnaire,$audit_scope,hypothese_apurement,a_valider,documente_questionnaire,export_excel_diagnostic,04_06_E_E_STATUT_D_ACTIVITE.do
Q_E_E3A_DOMAIN,E,E. STATUT D'ACTIVITE,E3A,E3A,domaine,(consentement==1 && HHD_fin!=null) && (E3==1),((!missing(consentement) & (consentement == 1)) & !missing(HHD_fin)) & ((!missing(E3) & (E3 == 1))),translated,"!((inlist(E3A, 1, 2))) & (!missing(E3A)) & ($audit_scope)",questionnaire,$audit_scope,hypothese_apurement,a_valider,documente_questionnaire,export_excel_diagnostic,04_06_E_E_STATUT_D_ACTIVITE.do
Q_E_EMPLOYE_COMPUTED,E,E. STATUT D'ACTIVITE,EMPLOYE,EMPLOYE,variable_calculee,(consentement==1 && HHD_fin!=null),,non_applicable,,questionnaire,$audit_scope,hypothese_apurement,a_valider,documente_questionnaire,documenter_sans_corriger,04_06_E_E_STATUT_D_ACTIVITE.do
Q_E_HHE_fin_MISSING,E,E. STATUT D'ACTIVITE,HHE_fin,HHE_fin,manquant_univers,(consentement==1 && HHD_fin!=null),((!missing(consentement) & (consentement == 1)) & !missing(HHD_fin)),translated,"((missing(HHE_fin) | trim(HHE_fin) == """")) & (((!missing(consentement) & (consentement == 1)) & !missing(HHD_fin))) & ($audit_scope)",questionnaire,$audit_scope,hypothese_apurement,a_valider,documente_questionnaire,export_excel_diagnostic,04_06_E_E_STATUT_D_ACTIVITE.do
Q_E_HHE_fin_SKIP,E,E. STATUT D'ACTIVITE,HHE_fin,HHE_fin,saut_univers,(consentement==1 && HHD_fin!=null),((!missing(consentement) & (consentement == 1)) & !missing(HHD_fin)),translated,"((!missing(HHE_fin) & trim(HHE_fin) != """")) & !(((!missing(consentement) & (consentement == 1)) & !missing(HHD_fin))) & ($audit_scope)",questionnaire,$audit_scope,hypothese_apurement,a_valider,documente_questionnaire,export_excel_diagnostic,04_06_E_E_STATUT_D_ACTIVITE.do
Q_F_HHF_debut_MISSING,F,F. EMPLOI PRINCIPAL,HHF_debut,HHF_debut,manquant_univers,(consentement==1 && EMPLOYE==1),((!missing(consentement) & (consentement == 1)) & (!missing(EMPLOYE) & (EMPLOYE == 1))),translated,"((missing(HHF_debut) | trim(HHF_debut) == """")) & (((!missing(consentement) & (consentement == 1)) & (!missing(EMPLOYE) & (EMPLOYE == 1)))) & ($audit_scope)",questionnaire,$audit_scope,hypothese_apurement,a_valider,documente_questionnaire,export_excel_diagnostic,04_07_F_F_EMPLOI_PRINCIPAL.do
Q_F_HHF_debut_SKIP,F,F. EMPLOI PRINCIPAL,HHF_debut,HHF_debut,saut_univers,(consentement==1 && EMPLOYE==1),((!missing(consentement) & (consentement == 1)) & (!missing(EMPLOYE) & (EMPLOYE == 1))),translated,"((!missing(HHF_debut) & trim(HHF_debut) != """")) & !(((!missing(consentement) & (consentement == 1)) & (!missing(EMPLOYE) & (EMPLOYE == 1)))) & ($audit_scope)",questionnaire,$audit_scope,hypothese_apurement,a_valider,documente_questionnaire,export_excel_diagnostic,04_07_F_F_EMPLOI_PRINCIPAL.do
Q_F_F1_MISSING,F,F. EMPLOI PRINCIPAL,F1,F1,manquant_univers,(consentement==1 && EMPLOYE==1),((!missing(consentement) & (consentement == 1)) & (!missing(EMPLOYE) & (EMPLOYE == 1))),translated,(missing(F1)) & (((!missing(consentement) & (consentement == 1)) & (!missing(EMPLOYE) & (EMPLOYE == 1)))) & ($audit_scope),questionnaire,$audit_scope,hypothese_apurement,a_valider,documente_questionnaire,export_excel_diagnostic,04_07_F_F_EMPLOI_PRINCIPAL.do
Q_F_F1_SKIP,F,F. EMPLOI PRINCIPAL,F1,F1,saut_univers,(consentement==1 && EMPLOYE==1),((!missing(consentement) & (consentement == 1)) & (!missing(EMPLOYE) & (EMPLOYE == 1))),translated,(!missing(F1)) & !(((!missing(consentement) & (consentement == 1)) & (!missing(EMPLOYE) & (EMPLOYE == 1)))) & ($audit_scope),questionnaire,$audit_scope,hypothese_apurement,a_valider,documente_questionnaire,export_excel_diagnostic,04_07_F_F_EMPLOI_PRINCIPAL.do
Q_F_F1_DOMAIN,F,F. EMPLOI PRINCIPAL,F1,F1,domaine,(consentement==1 && EMPLOYE==1),((!missing(consentement) & (consentement == 1)) & (!missing(EMPLOYE) & (EMPLOYE == 1))),translated,"!((inlist(F1, 1, 2, 3, 4, 5, 7, 9))) & (!missing(F1)) & ($audit_scope)",questionnaire,$audit_scope,hypothese_apurement,a_valider,documente_questionnaire,export_excel_diagnostic,04_07_F_F_EMPLOI_PRINCIPAL.do
Q_F_F1X_MISSING,F,F. EMPLOI PRINCIPAL,F1X,F1X,manquant_univers,(consentement==1 && EMPLOYE==1) && (F1==9),((!missing(consentement) & (consentement == 1)) & (!missing(EMPLOYE) & (EMPLOYE == 1))) & ((!missing(F1) & (F1 == 9))),translated,"((missing(F1X) | trim(F1X) == """")) & (((!missing(consentement) & (consentement == 1)) & (!missing(EMPLOYE) & (EMPLOYE == 1))) & ((!missing(F1) & (F1 == 9)))) & ($audit_scope)",questionnaire,$audit_scope,hypothese_apurement,a_valider,documente_questionnaire,export_excel_diagnostic,04_07_F_F_EMPLOI_PRINCIPAL.do
Q_F_F1X_SKIP,F,F. EMPLOI PRINCIPAL,F1X,F1X,saut_univers,(consentement==1 && EMPLOYE==1) && (F1==9),((!missing(consentement) & (consentement == 1)) & (!missing(EMPLOYE) & (EMPLOYE == 1))) & ((!missing(F1) & (F1 == 9))),translated,"((!missing(F1X) & trim(F1X) != """")) & !(((!missing(consentement) & (consentement == 1)) & (!missing(EMPLOYE) & (EMPLOYE == 1))) & ((!missing(F1) & (F1 == 9)))) & ($audit_scope)",questionnaire,$audit_scope,hypothese_apurement,a_valider,documente_questionnaire,export_excel_diagnostic,04_07_F_F_EMPLOI_PRINCIPAL.do
Q_F_F2_MISSING,F,F. EMPLOI PRINCIPAL,F2,F2,manquant_univers,(consentement==1 && EMPLOYE==1),((!missing(consentement) & (consentement == 1)) & (!missing(EMPLOYE) & (EMPLOYE == 1))),translated,(missing(F2)) & (((!missing(consentement) & (consentement == 1)) & (!missing(EMPLOYE) & (EMPLOYE == 1)))) & ($audit_scope),questionnaire,$audit_scope,hypothese_apurement,a_valider,documente_questionnaire,export_excel_diagnostic,04_07_F_F_EMPLOI_PRINCIPAL.do
Q_F_F2_SKIP,F,F. EMPLOI PRINCIPAL,F2,F2,saut_univers,(consentement==1 && EMPLOYE==1),((!missing(consentement) & (consentement == 1)) & (!missing(EMPLOYE) & (EMPLOYE == 1))),translated,(!missing(F2)) & !(((!missing(consentement) & (consentement == 1)) & (!missing(EMPLOYE) & (EMPLOYE == 1)))) & ($audit_scope),questionnaire,$audit_scope,hypothese_apurement,a_valider,documente_questionnaire,export_excel_diagnostic,04_07_F_F_EMPLOI_PRINCIPAL.do
Q_F_F2_DOMAIN,F,F. EMPLOI PRINCIPAL,F2,F2,domaine,(consentement==1 && EMPLOYE==1),((!missing(consentement) & (consentement == 1)) & (!missing(EMPLOYE) & (EMPLOYE == 1))),translated,"!((inlist(F2, 1, 2, 3, 4, 5, 6, 7, 8, 9, 10) | inlist(F2, 11, 12, 13, 14, 99))) & (!missing(F2)) & ($audit_scope)",questionnaire,$audit_scope,hypothese_apurement,a_valider,documente_questionnaire,export_excel_diagnostic,04_07_F_F_EMPLOI_PRINCIPAL.do
Q_F_F2X_MISSING,F,F. EMPLOI PRINCIPAL,F2X,F2X,manquant_univers,(consentement==1 && EMPLOYE==1) && (F2==99),((!missing(consentement) & (consentement == 1)) & (!missing(EMPLOYE) & (EMPLOYE == 1))) & ((!missing(F2) & (F2 == 99))),translated,"((missing(F2X) | trim(F2X) == """")) & (((!missing(consentement) & (consentement == 1)) & (!missing(EMPLOYE) & (EMPLOYE == 1))) & ((!missing(F2) & (F2 == 99)))) & ($audit_scope)",questionnaire,$audit_scope,hypothese_apurement,a_valider,documente_questionnaire,export_excel_diagnostic,04_07_F_F_EMPLOI_PRINCIPAL.do
Q_F_F2X_SKIP,F,F. EMPLOI PRINCIPAL,F2X,F2X,saut_univers,(consentement==1 && EMPLOYE==1) && (F2==99),((!missing(consentement) & (consentement == 1)) & (!missing(EMPLOYE) & (EMPLOYE == 1))) & ((!missing(F2) & (F2 == 99))),translated,"((!missing(F2X) & trim(F2X) != """")) & !(((!missing(consentement) & (consentement == 1)) & (!missing(EMPLOYE) & (EMPLOYE == 1))) & ((!missing(F2) & (F2 == 99)))) & ($audit_scope)",questionnaire,$audit_scope,hypothese_apurement,a_valider,documente_questionnaire,export_excel_diagnostic,04_07_F_F_EMPLOI_PRINCIPAL.do
Q_F_F3_MISSING,F,F. EMPLOI PRINCIPAL,F3,F3,manquant_univers,(consentement==1 && EMPLOYE==1),((!missing(consentement) & (consentement == 1)) & (!missing(EMPLOYE) & (EMPLOYE == 1))),translated,(missing(F3)) & (((!missing(consentement) & (consentement == 1)) & (!missing(EMPLOYE) & (EMPLOYE == 1)))) & ($audit_scope),questionnaire,$audit_scope,hypothese_apurement,a_valider,documente_questionnaire,export_excel_diagnostic,04_07_F_F_EMPLOI_PRINCIPAL.do
Q_F_F3_SKIP,F,F. EMPLOI PRINCIPAL,F3,F3,saut_univers,(consentement==1 && EMPLOYE==1),((!missing(consentement) & (consentement == 1)) & (!missing(EMPLOYE) & (EMPLOYE == 1))),translated,(!missing(F3)) & !(((!missing(consentement) & (consentement == 1)) & (!missing(EMPLOYE) & (EMPLOYE == 1)))) & ($audit_scope),questionnaire,$audit_scope,hypothese_apurement,a_valider,documente_questionnaire,export_excel_diagnostic,04_07_F_F_EMPLOI_PRINCIPAL.do
Q_F_F3_DOMAIN,F,F. EMPLOI PRINCIPAL,F3,F3,domaine,(consentement==1 && EMPLOYE==1),((!missing(consentement) & (consentement == 1)) & (!missing(EMPLOYE) & (EMPLOYE == 1))),translated,"!((inlist(F3, 1, 2, 3, 4, 5, 6, 7, 8, 9))) & (!missing(F3)) & ($audit_scope)",questionnaire,$audit_scope,hypothese_apurement,a_valider,documente_questionnaire,export_excel_diagnostic,04_07_F_F_EMPLOI_PRINCIPAL.do
Q_F_F3X_MISSING,F,F. EMPLOI PRINCIPAL,F3X,F3X,manquant_univers,(consentement==1 && EMPLOYE==1) && (F3==9),((!missing(consentement) & (consentement == 1)) & (!missing(EMPLOYE) & (EMPLOYE == 1))) & ((!missing(F3) & (F3 == 9))),translated,"((missing(F3X) | trim(F3X) == """")) & (((!missing(consentement) & (consentement == 1)) & (!missing(EMPLOYE) & (EMPLOYE == 1))) & ((!missing(F3) & (F3 == 9)))) & ($audit_scope)",questionnaire,$audit_scope,hypothese_apurement,a_valider,documente_questionnaire,export_excel_diagnostic,04_07_F_F_EMPLOI_PRINCIPAL.do
Q_F_F3X_SKIP,F,F. EMPLOI PRINCIPAL,F3X,F3X,saut_univers,(consentement==1 && EMPLOYE==1) && (F3==9),((!missing(consentement) & (consentement == 1)) & (!missing(EMPLOYE) & (EMPLOYE == 1))) & ((!missing(F3) & (F3 == 9))),translated,"((!missing(F3X) & trim(F3X) != """")) & !(((!missing(consentement) & (consentement == 1)) & (!missing(EMPLOYE) & (EMPLOYE == 1))) & ((!missing(F3) & (F3 == 9)))) & ($audit_scope)",questionnaire,$audit_scope,hypothese_apurement,a_valider,documente_questionnaire,export_excel_diagnostic,04_07_F_F_EMPLOI_PRINCIPAL.do
Q_F_F4_MISSING,F,F. EMPLOI PRINCIPAL,F4,F4,manquant_univers,(consentement==1 && EMPLOYE==1),((!missing(consentement) & (consentement == 1)) & (!missing(EMPLOYE) & (EMPLOYE == 1))),translated,(missing(F4)) & (((!missing(consentement) & (consentement == 1)) & (!missing(EMPLOYE) & (EMPLOYE == 1)))) & ($audit_scope),questionnaire,$audit_scope,hypothese_apurement,a_valider,documente_questionnaire,export_excel_diagnostic,04_07_F_F_EMPLOI_PRINCIPAL.do
Q_F_F4_SKIP,F,F. EMPLOI PRINCIPAL,F4,F4,saut_univers,(consentement==1 && EMPLOYE==1),((!missing(consentement) & (consentement == 1)) & (!missing(EMPLOYE) & (EMPLOYE == 1))),translated,(!missing(F4)) & !(((!missing(consentement) & (consentement == 1)) & (!missing(EMPLOYE) & (EMPLOYE == 1)))) & ($audit_scope),questionnaire,$audit_scope,hypothese_apurement,a_valider,documente_questionnaire,export_excel_diagnostic,04_07_F_F_EMPLOI_PRINCIPAL.do
Q_F_F4_DOMAIN,F,F. EMPLOI PRINCIPAL,F4,F4,domaine,(consentement==1 && EMPLOYE==1),((!missing(consentement) & (consentement == 1)) & (!missing(EMPLOYE) & (EMPLOYE == 1))),translated,"!((inlist(F4, 1, 2, 3, 4, 5))) & (!missing(F4)) & ($audit_scope)",questionnaire,$audit_scope,hypothese_apurement,a_valider,documente_questionnaire,export_excel_diagnostic,04_07_F_F_EMPLOI_PRINCIPAL.do
Q_F_HHF_fin_MISSING,F,F. EMPLOI PRINCIPAL,HHF_fin,HHF_fin,manquant_univers,(consentement==1 && EMPLOYE==1),((!missing(consentement) & (consentement == 1)) & (!missing(EMPLOYE) & (EMPLOYE == 1))),translated,"((missing(HHF_fin) | trim(HHF_fin) == """")) & (((!missing(consentement) & (consentement == 1)) & (!missing(EMPLOYE) & (EMPLOYE == 1)))) & ($audit_scope)",questionnaire,$audit_scope,hypothese_apurement,a_valider,documente_questionnaire,export_excel_diagnostic,04_07_F_F_EMPLOI_PRINCIPAL.do
Q_F_HHF_fin_SKIP,F,F. EMPLOI PRINCIPAL,HHF_fin,HHF_fin,saut_univers,(consentement==1 && EMPLOYE==1),((!missing(consentement) & (consentement == 1)) & (!missing(EMPLOYE) & (EMPLOYE == 1))),translated,"((!missing(HHF_fin) & trim(HHF_fin) != """")) & !(((!missing(consentement) & (consentement == 1)) & (!missing(EMPLOYE) & (EMPLOYE == 1)))) & ($audit_scope)",questionnaire,$audit_scope,hypothese_apurement,a_valider,documente_questionnaire,export_excel_diagnostic,04_07_F_F_EMPLOI_PRINCIPAL.do
Q_G_HHG_debut_MISSING,G,G. QUALITE DE L'EMPLOI,HHG_debut,HHG_debut,manquant_univers,(consentement==1 && EMPLOYE==1),((!missing(consentement) & (consentement == 1)) & (!missing(EMPLOYE) & (EMPLOYE == 1))),translated,"((missing(HHG_debut) | trim(HHG_debut) == """")) & (((!missing(consentement) & (consentement == 1)) & (!missing(EMPLOYE) & (EMPLOYE == 1)))) & ($audit_scope)",questionnaire,$audit_scope,hypothese_apurement,a_valider,documente_questionnaire,export_excel_diagnostic,04_08_G_G_QUALITE_DE_L_EMPLOI.do
Q_G_HHG_debut_SKIP,G,G. QUALITE DE L'EMPLOI,HHG_debut,HHG_debut,saut_univers,(consentement==1 && EMPLOYE==1),((!missing(consentement) & (consentement == 1)) & (!missing(EMPLOYE) & (EMPLOYE == 1))),translated,"((!missing(HHG_debut) & trim(HHG_debut) != """")) & !(((!missing(consentement) & (consentement == 1)) & (!missing(EMPLOYE) & (EMPLOYE == 1)))) & ($audit_scope)",questionnaire,$audit_scope,hypothese_apurement,a_valider,documente_questionnaire,export_excel_diagnostic,04_08_G_G_QUALITE_DE_L_EMPLOI.do
Q_G_G1_MISSING,G,G. QUALITE DE L'EMPLOI,G1,G1,manquant_univers,(consentement==1 && EMPLOYE==1),((!missing(consentement) & (consentement == 1)) & (!missing(EMPLOYE) & (EMPLOYE == 1))),translated,(missing(G1)) & (((!missing(consentement) & (consentement == 1)) & (!missing(EMPLOYE) & (EMPLOYE == 1)))) & ($audit_scope),questionnaire,$audit_scope,hypothese_apurement,a_valider,documente_questionnaire,export_excel_diagnostic,04_08_G_G_QUALITE_DE_L_EMPLOI.do
Q_G_G1_SKIP,G,G. QUALITE DE L'EMPLOI,G1,G1,saut_univers,(consentement==1 && EMPLOYE==1),((!missing(consentement) & (consentement == 1)) & (!missing(EMPLOYE) & (EMPLOYE == 1))),translated,(!missing(G1)) & !(((!missing(consentement) & (consentement == 1)) & (!missing(EMPLOYE) & (EMPLOYE == 1)))) & ($audit_scope),questionnaire,$audit_scope,hypothese_apurement,a_valider,documente_questionnaire,export_excel_diagnostic,04_08_G_G_QUALITE_DE_L_EMPLOI.do
Q_G_G1_DOMAIN,G,G. QUALITE DE L'EMPLOI,G1,G1,domaine,(consentement==1 && EMPLOYE==1),((!missing(consentement) & (consentement == 1)) & (!missing(EMPLOYE) & (EMPLOYE == 1))),translated,"!((inlist(G1, 1, 2, 3, 4, 5))) & (!missing(G1)) & ($audit_scope)",questionnaire,$audit_scope,hypothese_apurement,a_valider,documente_questionnaire,export_excel_diagnostic,04_08_G_G_QUALITE_DE_L_EMPLOI.do
Q_G_G2_MISSING,G,G. QUALITE DE L'EMPLOI,G2,G2,manquant_univers,(consentement==1 && EMPLOYE==1),((!missing(consentement) & (consentement == 1)) & (!missing(EMPLOYE) & (EMPLOYE == 1))),translated,(missing(G2)) & (((!missing(consentement) & (consentement == 1)) & (!missing(EMPLOYE) & (EMPLOYE == 1)))) & ($audit_scope),questionnaire,$audit_scope,hypothese_apurement,a_valider,documente_questionnaire,export_excel_diagnostic,04_08_G_G_QUALITE_DE_L_EMPLOI.do
Q_G_G2_SKIP,G,G. QUALITE DE L'EMPLOI,G2,G2,saut_univers,(consentement==1 && EMPLOYE==1),((!missing(consentement) & (consentement == 1)) & (!missing(EMPLOYE) & (EMPLOYE == 1))),translated,(!missing(G2)) & !(((!missing(consentement) & (consentement == 1)) & (!missing(EMPLOYE) & (EMPLOYE == 1)))) & ($audit_scope),questionnaire,$audit_scope,hypothese_apurement,a_valider,documente_questionnaire,export_excel_diagnostic,04_08_G_G_QUALITE_DE_L_EMPLOI.do
Q_G_G2_DOMAIN,G,G. QUALITE DE L'EMPLOI,G2,G2,domaine,(consentement==1 && EMPLOYE==1),((!missing(consentement) & (consentement == 1)) & (!missing(EMPLOYE) & (EMPLOYE == 1))),translated,"!((inlist(G2, 1, 2))) & (!missing(G2)) & ($audit_scope)",questionnaire,$audit_scope,hypothese_apurement,a_valider,documente_questionnaire,export_excel_diagnostic,04_08_G_G_QUALITE_DE_L_EMPLOI.do
Q_G_G3_MISSING,G,G. QUALITE DE L'EMPLOI,G3,G3,manquant_univers,(consentement==1 && EMPLOYE==1),((!missing(consentement) & (consentement == 1)) & (!missing(EMPLOYE) & (EMPLOYE == 1))),translated,(missing(G3)) & (((!missing(consentement) & (consentement == 1)) & (!missing(EMPLOYE) & (EMPLOYE == 1)))) & ($audit_scope),questionnaire,$audit_scope,hypothese_apurement,a_valider,documente_questionnaire,export_excel_diagnostic,04_08_G_G_QUALITE_DE_L_EMPLOI.do
Q_G_G3_SKIP,G,G. QUALITE DE L'EMPLOI,G3,G3,saut_univers,(consentement==1 && EMPLOYE==1),((!missing(consentement) & (consentement == 1)) & (!missing(EMPLOYE) & (EMPLOYE == 1))),translated,(!missing(G3)) & !(((!missing(consentement) & (consentement == 1)) & (!missing(EMPLOYE) & (EMPLOYE == 1)))) & ($audit_scope),questionnaire,$audit_scope,hypothese_apurement,a_valider,documente_questionnaire,export_excel_diagnostic,04_08_G_G_QUALITE_DE_L_EMPLOI.do
Q_G_G3_SPECIAL,G,G. QUALITE DE L'EMPLOI,G3,G3,code_special_autorise,(consentement==1 && EMPLOYE==1),((!missing(consentement) & (consentement == 1)) & (!missing(EMPLOYE) & (EMPLOYE == 1))),translated,"(inlist(G3, 998)) & (!missing(G3)) & ($audit_scope)",questionnaire,$audit_scope,hypothese_apurement,a_valider,documente_questionnaire_action_a_valider,export_excel_diagnostic,04_08_G_G_QUALITE_DE_L_EMPLOI.do
Q_G_G4_MISSING,G,G. QUALITE DE L'EMPLOI,G4,G4,manquant_univers,(consentement==1 && EMPLOYE==1),((!missing(consentement) & (consentement == 1)) & (!missing(EMPLOYE) & (EMPLOYE == 1))),translated,(missing(G4)) & (((!missing(consentement) & (consentement == 1)) & (!missing(EMPLOYE) & (EMPLOYE == 1)))) & ($audit_scope),questionnaire,$audit_scope,hypothese_apurement,a_valider,documente_questionnaire,export_excel_diagnostic,04_08_G_G_QUALITE_DE_L_EMPLOI.do
Q_G_G4_SKIP,G,G. QUALITE DE L'EMPLOI,G4,G4,saut_univers,(consentement==1 && EMPLOYE==1),((!missing(consentement) & (consentement == 1)) & (!missing(EMPLOYE) & (EMPLOYE == 1))),translated,(!missing(G4)) & !(((!missing(consentement) & (consentement == 1)) & (!missing(EMPLOYE) & (EMPLOYE == 1)))) & ($audit_scope),questionnaire,$audit_scope,hypothese_apurement,a_valider,documente_questionnaire,export_excel_diagnostic,04_08_G_G_QUALITE_DE_L_EMPLOI.do
Q_G_G4_DOMAIN,G,G. QUALITE DE L'EMPLOI,G4,G4,domaine,(consentement==1 && EMPLOYE==1),((!missing(consentement) & (consentement == 1)) & (!missing(EMPLOYE) & (EMPLOYE == 1))),translated,"!((inlist(G4, 1, 2))) & (!missing(G4)) & ($audit_scope)",questionnaire,$audit_scope,hypothese_apurement,a_valider,documente_questionnaire,export_excel_diagnostic,04_08_G_G_QUALITE_DE_L_EMPLOI.do
Q_G_G4A_MISSING,G,G. QUALITE DE L'EMPLOI,G4A,G4A,manquant_univers,(consentement==1 && EMPLOYE==1) && (G4==2),((!missing(consentement) & (consentement == 1)) & (!missing(EMPLOYE) & (EMPLOYE == 1))) & ((!missing(G4) & (G4 == 2))),translated,(missing(G4A)) & (((!missing(consentement) & (consentement == 1)) & (!missing(EMPLOYE) & (EMPLOYE == 1))) & ((!missing(G4) & (G4 == 2)))) & ($audit_scope),questionnaire,$audit_scope,hypothese_apurement,a_valider,documente_questionnaire,export_excel_diagnostic,04_08_G_G_QUALITE_DE_L_EMPLOI.do
Q_G_G4A_SKIP,G,G. QUALITE DE L'EMPLOI,G4A,G4A,saut_univers,(consentement==1 && EMPLOYE==1) && (G4==2),((!missing(consentement) & (consentement == 1)) & (!missing(EMPLOYE) & (EMPLOYE == 1))) & ((!missing(G4) & (G4 == 2))),translated,(!missing(G4A)) & !(((!missing(consentement) & (consentement == 1)) & (!missing(EMPLOYE) & (EMPLOYE == 1))) & ((!missing(G4) & (G4 == 2)))) & ($audit_scope),questionnaire,$audit_scope,hypothese_apurement,a_valider,documente_questionnaire,export_excel_diagnostic,04_08_G_G_QUALITE_DE_L_EMPLOI.do
Q_G_G5_MISSING,G,G. QUALITE DE L'EMPLOI,G5,G5,manquant_univers,(consentement==1 && EMPLOYE==1),((!missing(consentement) & (consentement == 1)) & (!missing(EMPLOYE) & (EMPLOYE == 1))),translated,(missing(G5)) & (((!missing(consentement) & (consentement == 1)) & (!missing(EMPLOYE) & (EMPLOYE == 1)))) & ($audit_scope),questionnaire,$audit_scope,hypothese_apurement,a_valider,documente_questionnaire,export_excel_diagnostic,04_08_G_G_QUALITE_DE_L_EMPLOI.do
Q_G_G5_SKIP,G,G. QUALITE DE L'EMPLOI,G5,G5,saut_univers,(consentement==1 && EMPLOYE==1),((!missing(consentement) & (consentement == 1)) & (!missing(EMPLOYE) & (EMPLOYE == 1))),translated,(!missing(G5)) & !(((!missing(consentement) & (consentement == 1)) & (!missing(EMPLOYE) & (EMPLOYE == 1)))) & ($audit_scope),questionnaire,$audit_scope,hypothese_apurement,a_valider,documente_questionnaire,export_excel_diagnostic,04_08_G_G_QUALITE_DE_L_EMPLOI.do
Q_G_G5_DOMAIN,G,G. QUALITE DE L'EMPLOI,G5,G5,domaine,(consentement==1 && EMPLOYE==1),((!missing(consentement) & (consentement == 1)) & (!missing(EMPLOYE) & (EMPLOYE == 1))),translated,"!((inlist(G5, 1, 2))) & (!missing(G5)) & ($audit_scope)",questionnaire,$audit_scope,hypothese_apurement,a_valider,documente_questionnaire,export_excel_diagnostic,04_08_G_G_QUALITE_DE_L_EMPLOI.do
Q_G_G5A_MISSING,G,G. QUALITE DE L'EMPLOI,G5A,G5A,manquant_univers,(consentement==1 && EMPLOYE==1) && (G5==1),((!missing(consentement) & (consentement == 1)) & (!missing(EMPLOYE) & (EMPLOYE == 1))) & ((!missing(G5) & (G5 == 1))),translated,"((missing(G5A) | trim(G5A) == """")) & (((!missing(consentement) & (consentement == 1)) & (!missing(EMPLOYE) & (EMPLOYE == 1))) & ((!missing(G5) & (G5 == 1)))) & ($audit_scope)",questionnaire,$audit_scope,hypothese_apurement,a_valider,documente_questionnaire,export_excel_diagnostic,04_08_G_G_QUALITE_DE_L_EMPLOI.do
Q_G_G5A_SKIP,G,G. QUALITE DE L'EMPLOI,G5A,G5A,saut_univers,(consentement==1 && EMPLOYE==1) && (G5==1),((!missing(consentement) & (consentement == 1)) & (!missing(EMPLOYE) & (EMPLOYE == 1))) & ((!missing(G5) & (G5 == 1))),translated,"((!missing(G5A) & trim(G5A) != """")) & !(((!missing(consentement) & (consentement == 1)) & (!missing(EMPLOYE) & (EMPLOYE == 1))) & ((!missing(G5) & (G5 == 1)))) & ($audit_scope)",questionnaire,$audit_scope,hypothese_apurement,a_valider,documente_questionnaire,export_excel_diagnostic,04_08_G_G_QUALITE_DE_L_EMPLOI.do
Q_G_G6_MISSING,G,G. QUALITE DE L'EMPLOI,G6,G6,manquant_univers,(consentement==1 && EMPLOYE==1) && (G5==1),((!missing(consentement) & (consentement == 1)) & (!missing(EMPLOYE) & (EMPLOYE == 1))) & ((!missing(G5) & (G5 == 1))),translated,(missing(G6)) & (((!missing(consentement) & (consentement == 1)) & (!missing(EMPLOYE) & (EMPLOYE == 1))) & ((!missing(G5) & (G5 == 1)))) & ($audit_scope),questionnaire,$audit_scope,hypothese_apurement,a_valider,documente_questionnaire,export_excel_diagnostic,04_08_G_G_QUALITE_DE_L_EMPLOI.do
Q_G_G6_SKIP,G,G. QUALITE DE L'EMPLOI,G6,G6,saut_univers,(consentement==1 && EMPLOYE==1) && (G5==1),((!missing(consentement) & (consentement == 1)) & (!missing(EMPLOYE) & (EMPLOYE == 1))) & ((!missing(G5) & (G5 == 1))),translated,(!missing(G6)) & !(((!missing(consentement) & (consentement == 1)) & (!missing(EMPLOYE) & (EMPLOYE == 1))) & ((!missing(G5) & (G5 == 1)))) & ($audit_scope),questionnaire,$audit_scope,hypothese_apurement,a_valider,documente_questionnaire,export_excel_diagnostic,04_08_G_G_QUALITE_DE_L_EMPLOI.do
Q_G_G7_MISSING,G,G. QUALITE DE L'EMPLOI,G7,G7,manquant_univers,(consentement==1 && EMPLOYE==1),((!missing(consentement) & (consentement == 1)) & (!missing(EMPLOYE) & (EMPLOYE == 1))),translated,(missing(G7)) & (((!missing(consentement) & (consentement == 1)) & (!missing(EMPLOYE) & (EMPLOYE == 1)))) & ($audit_scope),questionnaire,$audit_scope,hypothese_apurement,a_valider,documente_questionnaire,export_excel_diagnostic,04_08_G_G_QUALITE_DE_L_EMPLOI.do
Q_G_G7_SKIP,G,G. QUALITE DE L'EMPLOI,G7,G7,saut_univers,(consentement==1 && EMPLOYE==1),((!missing(consentement) & (consentement == 1)) & (!missing(EMPLOYE) & (EMPLOYE == 1))),translated,(!missing(G7)) & !(((!missing(consentement) & (consentement == 1)) & (!missing(EMPLOYE) & (EMPLOYE == 1)))) & ($audit_scope),questionnaire,$audit_scope,hypothese_apurement,a_valider,documente_questionnaire,export_excel_diagnostic,04_08_G_G_QUALITE_DE_L_EMPLOI.do
Q_G_G7_DOMAIN,G,G. QUALITE DE L'EMPLOI,G7,G7,domaine,(consentement==1 && EMPLOYE==1),((!missing(consentement) & (consentement == 1)) & (!missing(EMPLOYE) & (EMPLOYE == 1))),translated,"!((inlist(G7, 1, 2))) & (!missing(G7)) & ($audit_scope)",questionnaire,$audit_scope,hypothese_apurement,a_valider,documente_questionnaire,export_excel_diagnostic,04_08_G_G_QUALITE_DE_L_EMPLOI.do
Q_G_G7A_MISSING,G,G. QUALITE DE L'EMPLOI,G7A,G7A,manquant_univers,(consentement==1 && EMPLOYE==1) && (G7==1),((!missing(consentement) & (consentement == 1)) & (!missing(EMPLOYE) & (EMPLOYE == 1))) & ((!missing(G7) & (G7 == 1))),translated,(missing(G7A)) & (((!missing(consentement) & (consentement == 1)) & (!missing(EMPLOYE) & (EMPLOYE == 1))) & ((!missing(G7) & (G7 == 1)))) & ($audit_scope),questionnaire,$audit_scope,hypothese_apurement,a_valider,documente_questionnaire,export_excel_diagnostic,04_08_G_G_QUALITE_DE_L_EMPLOI.do
Q_G_G7A_SKIP,G,G. QUALITE DE L'EMPLOI,G7A,G7A,saut_univers,(consentement==1 && EMPLOYE==1) && (G7==1),((!missing(consentement) & (consentement == 1)) & (!missing(EMPLOYE) & (EMPLOYE == 1))) & ((!missing(G7) & (G7 == 1))),translated,(!missing(G7A)) & !(((!missing(consentement) & (consentement == 1)) & (!missing(EMPLOYE) & (EMPLOYE == 1))) & ((!missing(G7) & (G7 == 1)))) & ($audit_scope),questionnaire,$audit_scope,hypothese_apurement,a_valider,documente_questionnaire,export_excel_diagnostic,04_08_G_G_QUALITE_DE_L_EMPLOI.do
Q_G_G7A_DOMAIN,G,G. QUALITE DE L'EMPLOI,G7A,G7A,domaine,(consentement==1 && EMPLOYE==1) && (G7==1),((!missing(consentement) & (consentement == 1)) & (!missing(EMPLOYE) & (EMPLOYE == 1))) & ((!missing(G7) & (G7 == 1))),translated,"!((inlist(G7A, 1, 2))) & (!missing(G7A)) & ($audit_scope)",questionnaire,$audit_scope,hypothese_apurement,a_valider,documente_questionnaire,export_excel_diagnostic,04_08_G_G_QUALITE_DE_L_EMPLOI.do
Q_G_HHG_fin_MISSING,G,G. QUALITE DE L'EMPLOI,HHG_fin,HHG_fin,manquant_univers,(consentement==1 && EMPLOYE==1),((!missing(consentement) & (consentement == 1)) & (!missing(EMPLOYE) & (EMPLOYE == 1))),translated,"((missing(HHG_fin) | trim(HHG_fin) == """")) & (((!missing(consentement) & (consentement == 1)) & (!missing(EMPLOYE) & (EMPLOYE == 1)))) & ($audit_scope)",questionnaire,$audit_scope,hypothese_apurement,a_valider,documente_questionnaire,export_excel_diagnostic,04_08_G_G_QUALITE_DE_L_EMPLOI.do
Q_G_HHG_fin_SKIP,G,G. QUALITE DE L'EMPLOI,HHG_fin,HHG_fin,saut_univers,(consentement==1 && EMPLOYE==1),((!missing(consentement) & (consentement == 1)) & (!missing(EMPLOYE) & (EMPLOYE == 1))),translated,"((!missing(HHG_fin) & trim(HHG_fin) != """")) & !(((!missing(consentement) & (consentement == 1)) & (!missing(EMPLOYE) & (EMPLOYE == 1)))) & ($audit_scope)",questionnaire,$audit_scope,hypothese_apurement,a_valider,documente_questionnaire,export_excel_diagnostic,04_08_G_G_QUALITE_DE_L_EMPLOI.do
Q_H_HHH_debut_MISSING,H,H. REVENU ET CARACTERISTIQUES DE L'ENTREPRISE,HHH_debut,HHH_debut,manquant_univers,(consentement==1 && EMPLOYE==1),((!missing(consentement) & (consentement == 1)) & (!missing(EMPLOYE) & (EMPLOYE == 1))),translated,"((missing(HHH_debut) | trim(HHH_debut) == """")) & (((!missing(consentement) & (consentement == 1)) & (!missing(EMPLOYE) & (EMPLOYE == 1)))) & ($audit_scope)",questionnaire,$audit_scope,hypothese_apurement,a_valider,documente_questionnaire,export_excel_diagnostic,04_09_H_H_REVENU_ET_CARACTERISTIQUES_DE_L_ENTREPRISE.do
Q_H_HHH_debut_SKIP,H,H. REVENU ET CARACTERISTIQUES DE L'ENTREPRISE,HHH_debut,HHH_debut,saut_univers,(consentement==1 && EMPLOYE==1),((!missing(consentement) & (consentement == 1)) & (!missing(EMPLOYE) & (EMPLOYE == 1))),translated,"((!missing(HHH_debut) & trim(HHH_debut) != """")) & !(((!missing(consentement) & (consentement == 1)) & (!missing(EMPLOYE) & (EMPLOYE == 1)))) & ($audit_scope)",questionnaire,$audit_scope,hypothese_apurement,a_valider,documente_questionnaire,export_excel_diagnostic,04_09_H_H_REVENU_ET_CARACTERISTIQUES_DE_L_ENTREPRISE.do
Q_H_H1_MISSING,H,H. REVENU ET CARACTERISTIQUES DE L'ENTREPRISE,H1,H1,manquant_univers,(consentement==1 && EMPLOYE==1) && (F1==1),((!missing(consentement) & (consentement == 1)) & (!missing(EMPLOYE) & (EMPLOYE == 1))) & ((!missing(F1) & (F1 == 1))),translated,(missing(H1)) & (((!missing(consentement) & (consentement == 1)) & (!missing(EMPLOYE) & (EMPLOYE == 1))) & ((!missing(F1) & (F1 == 1)))) & ($audit_scope),questionnaire,$audit_scope,hypothese_apurement,a_valider,documente_questionnaire,export_excel_diagnostic,04_09_H_H_REVENU_ET_CARACTERISTIQUES_DE_L_ENTREPRISE.do
Q_H_H1_SKIP,H,H. REVENU ET CARACTERISTIQUES DE L'ENTREPRISE,H1,H1,saut_univers,(consentement==1 && EMPLOYE==1) && (F1==1),((!missing(consentement) & (consentement == 1)) & (!missing(EMPLOYE) & (EMPLOYE == 1))) & ((!missing(F1) & (F1 == 1))),translated,(!missing(H1)) & !(((!missing(consentement) & (consentement == 1)) & (!missing(EMPLOYE) & (EMPLOYE == 1))) & ((!missing(F1) & (F1 == 1)))) & ($audit_scope),questionnaire,$audit_scope,hypothese_apurement,a_valider,documente_questionnaire,export_excel_diagnostic,04_09_H_H_REVENU_ET_CARACTERISTIQUES_DE_L_ENTREPRISE.do
Q_H_H1_DOMAIN,H,H. REVENU ET CARACTERISTIQUES DE L'ENTREPRISE,H1,H1,domaine,(consentement==1 && EMPLOYE==1) && (F1==1),((!missing(consentement) & (consentement == 1)) & (!missing(EMPLOYE) & (EMPLOYE == 1))) & ((!missing(F1) & (F1 == 1))),translated,"!((inlist(H1, 1, 2, 3))) & (!missing(H1)) & ($audit_scope)",questionnaire,$audit_scope,hypothese_apurement,a_valider,documente_questionnaire,export_excel_diagnostic,04_09_H_H_REVENU_ET_CARACTERISTIQUES_DE_L_ENTREPRISE.do
Q_H_H2_MISSING,H,H. REVENU ET CARACTERISTIQUES DE L'ENTREPRISE,H2,H2,manquant_univers,(consentement==1 && EMPLOYE==1) && (F1==1),((!missing(consentement) & (consentement == 1)) & (!missing(EMPLOYE) & (EMPLOYE == 1))) & ((!missing(F1) & (F1 == 1))),translated,(missing(H2)) & (((!missing(consentement) & (consentement == 1)) & (!missing(EMPLOYE) & (EMPLOYE == 1))) & ((!missing(F1) & (F1 == 1)))) & ($audit_scope),questionnaire,$audit_scope,hypothese_apurement,a_valider,documente_questionnaire,export_excel_diagnostic,04_09_H_H_REVENU_ET_CARACTERISTIQUES_DE_L_ENTREPRISE.do
Q_H_H2_SKIP,H,H. REVENU ET CARACTERISTIQUES DE L'ENTREPRISE,H2,H2,saut_univers,(consentement==1 && EMPLOYE==1) && (F1==1),((!missing(consentement) & (consentement == 1)) & (!missing(EMPLOYE) & (EMPLOYE == 1))) & ((!missing(F1) & (F1 == 1))),translated,(!missing(H2)) & !(((!missing(consentement) & (consentement == 1)) & (!missing(EMPLOYE) & (EMPLOYE == 1))) & ((!missing(F1) & (F1 == 1)))) & ($audit_scope),questionnaire,$audit_scope,hypothese_apurement,a_valider,documente_questionnaire,export_excel_diagnostic,04_09_H_H_REVENU_ET_CARACTERISTIQUES_DE_L_ENTREPRISE.do
Q_H_H2_DOMAIN,H,H. REVENU ET CARACTERISTIQUES DE L'ENTREPRISE,H2,H2,domaine,(consentement==1 && EMPLOYE==1) && (F1==1),((!missing(consentement) & (consentement == 1)) & (!missing(EMPLOYE) & (EMPLOYE == 1))) & ((!missing(F1) & (F1 == 1))),translated,"!((inlist(H2, 1, 2, 3, 4, 5, 6, 7, 8, 9, 10))) & (!missing(H2)) & ($audit_scope)",questionnaire,$audit_scope,hypothese_apurement,a_valider,documente_questionnaire,export_excel_diagnostic,04_09_H_H_REVENU_ET_CARACTERISTIQUES_DE_L_ENTREPRISE.do
Q_H_H3_MISSING,H,H. REVENU ET CARACTERISTIQUES DE L'ENTREPRISE,H3,H3,manquant_univers,(consentement==1 && EMPLOYE==1),((!missing(consentement) & (consentement == 1)) & (!missing(EMPLOYE) & (EMPLOYE == 1))),translated,(missing(H3)) & (((!missing(consentement) & (consentement == 1)) & (!missing(EMPLOYE) & (EMPLOYE == 1)))) & ($audit_scope),questionnaire,$audit_scope,hypothese_apurement,a_valider,documente_questionnaire,export_excel_diagnostic,04_09_H_H_REVENU_ET_CARACTERISTIQUES_DE_L_ENTREPRISE.do
Q_H_H3_SKIP,H,H. REVENU ET CARACTERISTIQUES DE L'ENTREPRISE,H3,H3,saut_univers,(consentement==1 && EMPLOYE==1),((!missing(consentement) & (consentement == 1)) & (!missing(EMPLOYE) & (EMPLOYE == 1))),translated,(!missing(H3)) & !(((!missing(consentement) & (consentement == 1)) & (!missing(EMPLOYE) & (EMPLOYE == 1)))) & ($audit_scope),questionnaire,$audit_scope,hypothese_apurement,a_valider,documente_questionnaire,export_excel_diagnostic,04_09_H_H_REVENU_ET_CARACTERISTIQUES_DE_L_ENTREPRISE.do
Q_H_H3_SPECIAL,H,H. REVENU ET CARACTERISTIQUES DE L'ENTREPRISE,H3,H3,code_special_autorise,(consentement==1 && EMPLOYE==1),((!missing(consentement) & (consentement == 1)) & (!missing(EMPLOYE) & (EMPLOYE == 1))),translated,"(inlist(H3, 99999)) & (!missing(H3)) & ($audit_scope)",questionnaire,$audit_scope,hypothese_apurement,a_valider,documente_questionnaire_action_a_valider,export_excel_diagnostic,04_09_H_H_REVENU_ET_CARACTERISTIQUES_DE_L_ENTREPRISE.do
Q_H_H3A_MISSING,H,H. REVENU ET CARACTERISTIQUES DE L'ENTREPRISE,H3A,H3A,manquant_univers,(consentement==1 && EMPLOYE==1) && (H3==99999),((!missing(consentement) & (consentement == 1)) & (!missing(EMPLOYE) & (EMPLOYE == 1))) & ((!missing(H3) & (H3 == 99999))),translated,(missing(H3A)) & (((!missing(consentement) & (consentement == 1)) & (!missing(EMPLOYE) & (EMPLOYE == 1))) & ((!missing(H3) & (H3 == 99999)))) & ($audit_scope),questionnaire,$audit_scope,hypothese_apurement,a_valider,documente_questionnaire,export_excel_diagnostic,04_09_H_H_REVENU_ET_CARACTERISTIQUES_DE_L_ENTREPRISE.do
Q_H_H3A_SKIP,H,H. REVENU ET CARACTERISTIQUES DE L'ENTREPRISE,H3A,H3A,saut_univers,(consentement==1 && EMPLOYE==1) && (H3==99999),((!missing(consentement) & (consentement == 1)) & (!missing(EMPLOYE) & (EMPLOYE == 1))) & ((!missing(H3) & (H3 == 99999))),translated,(!missing(H3A)) & !(((!missing(consentement) & (consentement == 1)) & (!missing(EMPLOYE) & (EMPLOYE == 1))) & ((!missing(H3) & (H3 == 99999)))) & ($audit_scope),questionnaire,$audit_scope,hypothese_apurement,a_valider,documente_questionnaire,export_excel_diagnostic,04_09_H_H_REVENU_ET_CARACTERISTIQUES_DE_L_ENTREPRISE.do
Q_H_H3A_DOMAIN,H,H. REVENU ET CARACTERISTIQUES DE L'ENTREPRISE,H3A,H3A,domaine,(consentement==1 && EMPLOYE==1) && (H3==99999),((!missing(consentement) & (consentement == 1)) & (!missing(EMPLOYE) & (EMPLOYE == 1))) & ((!missing(H3) & (H3 == 99999))),translated,"!((inlist(H3A, 1, 2, 3, 4, 5, 6, 7, 8))) & (!missing(H3A)) & ($audit_scope)",questionnaire,$audit_scope,hypothese_apurement,a_valider,documente_questionnaire,export_excel_diagnostic,04_09_H_H_REVENU_ET_CARACTERISTIQUES_DE_L_ENTREPRISE.do
Q_H_H4_MISSING,H,H. REVENU ET CARACTERISTIQUES DE L'ENTREPRISE,H4,H4,manquant_univers,"(consentement==1 && EMPLOYE==1) && (F1.InList(2,3,4))","((!missing(consentement) & (consentement == 1)) & (!missing(EMPLOYE) & (EMPLOYE == 1))) & ((inlist(F1, 2, 3, 4)))",translated,"(missing(H4)) & (((!missing(consentement) & (consentement == 1)) & (!missing(EMPLOYE) & (EMPLOYE == 1))) & ((inlist(F1, 2, 3, 4)))) & ($audit_scope)",questionnaire,$audit_scope,hypothese_apurement,a_valider,documente_questionnaire,export_excel_diagnostic,04_09_H_H_REVENU_ET_CARACTERISTIQUES_DE_L_ENTREPRISE.do
Q_H_H4_SKIP,H,H. REVENU ET CARACTERISTIQUES DE L'ENTREPRISE,H4,H4,saut_univers,"(consentement==1 && EMPLOYE==1) && (F1.InList(2,3,4))","((!missing(consentement) & (consentement == 1)) & (!missing(EMPLOYE) & (EMPLOYE == 1))) & ((inlist(F1, 2, 3, 4)))",translated,"(!missing(H4)) & !(((!missing(consentement) & (consentement == 1)) & (!missing(EMPLOYE) & (EMPLOYE == 1))) & ((inlist(F1, 2, 3, 4)))) & ($audit_scope)",questionnaire,$audit_scope,hypothese_apurement,a_valider,documente_questionnaire,export_excel_diagnostic,04_09_H_H_REVENU_ET_CARACTERISTIQUES_DE_L_ENTREPRISE.do
Q_H_H4_DOMAIN,H,H. REVENU ET CARACTERISTIQUES DE L'ENTREPRISE,H4,H4,domaine,"(consentement==1 && EMPLOYE==1) && (F1.InList(2,3,4))","((!missing(consentement) & (consentement == 1)) & (!missing(EMPLOYE) & (EMPLOYE == 1))) & ((inlist(F1, 2, 3, 4)))",translated,"!((inlist(H4, 1, 2, 3))) & (!missing(H4)) & ($audit_scope)",questionnaire,$audit_scope,hypothese_apurement,a_valider,documente_questionnaire,export_excel_diagnostic,04_09_H_H_REVENU_ET_CARACTERISTIQUES_DE_L_ENTREPRISE.do
Q_H_H4A_MISSING,H,H. REVENU ET CARACTERISTIQUES DE L'ENTREPRISE,H4A,H4A,manquant_univers,"(consentement==1 && EMPLOYE==1) && (F1.InList(2,3))","((!missing(consentement) & (consentement == 1)) & (!missing(EMPLOYE) & (EMPLOYE == 1))) & ((inlist(F1, 2, 3)))",translated,"(missing(H4A)) & (((!missing(consentement) & (consentement == 1)) & (!missing(EMPLOYE) & (EMPLOYE == 1))) & ((inlist(F1, 2, 3)))) & ($audit_scope)",questionnaire,$audit_scope,hypothese_apurement,a_valider,documente_questionnaire,export_excel_diagnostic,04_09_H_H_REVENU_ET_CARACTERISTIQUES_DE_L_ENTREPRISE.do
Q_H_H4A_SKIP,H,H. REVENU ET CARACTERISTIQUES DE L'ENTREPRISE,H4A,H4A,saut_univers,"(consentement==1 && EMPLOYE==1) && (F1.InList(2,3))","((!missing(consentement) & (consentement == 1)) & (!missing(EMPLOYE) & (EMPLOYE == 1))) & ((inlist(F1, 2, 3)))",translated,"(!missing(H4A)) & !(((!missing(consentement) & (consentement == 1)) & (!missing(EMPLOYE) & (EMPLOYE == 1))) & ((inlist(F1, 2, 3)))) & ($audit_scope)",questionnaire,$audit_scope,hypothese_apurement,a_valider,documente_questionnaire,export_excel_diagnostic,04_09_H_H_REVENU_ET_CARACTERISTIQUES_DE_L_ENTREPRISE.do
Q_H_H5_MISSING,H,H. REVENU ET CARACTERISTIQUES DE L'ENTREPRISE,H5,H5,manquant_univers,"(consentement==1 && EMPLOYE==1) && (F1.InList(2,3,4))","((!missing(consentement) & (consentement == 1)) & (!missing(EMPLOYE) & (EMPLOYE == 1))) & ((inlist(F1, 2, 3, 4)))",translated,"(missing(H5)) & (((!missing(consentement) & (consentement == 1)) & (!missing(EMPLOYE) & (EMPLOYE == 1))) & ((inlist(F1, 2, 3, 4)))) & ($audit_scope)",questionnaire,$audit_scope,hypothese_apurement,a_valider,documente_questionnaire,export_excel_diagnostic,04_09_H_H_REVENU_ET_CARACTERISTIQUES_DE_L_ENTREPRISE.do
Q_H_H5_SKIP,H,H. REVENU ET CARACTERISTIQUES DE L'ENTREPRISE,H5,H5,saut_univers,"(consentement==1 && EMPLOYE==1) && (F1.InList(2,3,4))","((!missing(consentement) & (consentement == 1)) & (!missing(EMPLOYE) & (EMPLOYE == 1))) & ((inlist(F1, 2, 3, 4)))",translated,"(!missing(H5)) & !(((!missing(consentement) & (consentement == 1)) & (!missing(EMPLOYE) & (EMPLOYE == 1))) & ((inlist(F1, 2, 3, 4)))) & ($audit_scope)",questionnaire,$audit_scope,hypothese_apurement,a_valider,documente_questionnaire,export_excel_diagnostic,04_09_H_H_REVENU_ET_CARACTERISTIQUES_DE_L_ENTREPRISE.do
Q_H_H5_SPECIAL,H,H. REVENU ET CARACTERISTIQUES DE L'ENTREPRISE,H5,H5,code_special_autorise,"(consentement==1 && EMPLOYE==1) && (F1.InList(2,3,4))","((!missing(consentement) & (consentement == 1)) & (!missing(EMPLOYE) & (EMPLOYE == 1))) & ((inlist(F1, 2, 3, 4)))",translated,"(inlist(H5, 999999)) & (!missing(H5)) & ($audit_scope)",questionnaire,$audit_scope,hypothese_apurement,a_valider,documente_questionnaire_action_a_valider,export_excel_diagnostic,04_09_H_H_REVENU_ET_CARACTERISTIQUES_DE_L_ENTREPRISE.do
Q_H_H5_VALIDATION_1,H,H. REVENU ET CARACTERISTIQUES DE L'ENTREPRISE,H5,H5,validation,"(consentement==1 && EMPLOYE==1) && (F1.InList(2,3,4))","((!missing(consentement) & (consentement == 1)) & (!missing(EMPLOYE) & (EMPLOYE == 1))) & ((inlist(F1, 2, 3, 4)))",translated,"(!missing(H5)) & (((!missing(consentement) & (consentement == 1)) & (!missing(EMPLOYE) & (EMPLOYE == 1))) & ((inlist(F1, 2, 3, 4)))) & !((!missing(H5) & (H5 > 0))) & ($audit_scope)",questionnaire,$audit_scope,hypothese_apurement,a_valider,documente_questionnaire,export_excel_diagnostic,04_09_H_H_REVENU_ET_CARACTERISTIQUES_DE_L_ENTREPRISE.do
Q_H_H5A_MISSING,H,H. REVENU ET CARACTERISTIQUES DE L'ENTREPRISE,H5A,H5A,manquant_univers,(consentement==1 && EMPLOYE==1) && (H5==999999),((!missing(consentement) & (consentement == 1)) & (!missing(EMPLOYE) & (EMPLOYE == 1))) & ((!missing(H5) & (H5 == 999999))),translated,(missing(H5A)) & (((!missing(consentement) & (consentement == 1)) & (!missing(EMPLOYE) & (EMPLOYE == 1))) & ((!missing(H5) & (H5 == 999999)))) & ($audit_scope),questionnaire,$audit_scope,hypothese_apurement,a_valider,documente_questionnaire,export_excel_diagnostic,04_09_H_H_REVENU_ET_CARACTERISTIQUES_DE_L_ENTREPRISE.do
Q_H_H5A_SKIP,H,H. REVENU ET CARACTERISTIQUES DE L'ENTREPRISE,H5A,H5A,saut_univers,(consentement==1 && EMPLOYE==1) && (H5==999999),((!missing(consentement) & (consentement == 1)) & (!missing(EMPLOYE) & (EMPLOYE == 1))) & ((!missing(H5) & (H5 == 999999))),translated,(!missing(H5A)) & !(((!missing(consentement) & (consentement == 1)) & (!missing(EMPLOYE) & (EMPLOYE == 1))) & ((!missing(H5) & (H5 == 999999)))) & ($audit_scope),questionnaire,$audit_scope,hypothese_apurement,a_valider,documente_questionnaire,export_excel_diagnostic,04_09_H_H_REVENU_ET_CARACTERISTIQUES_DE_L_ENTREPRISE.do
Q_H_H5A_DOMAIN,H,H. REVENU ET CARACTERISTIQUES DE L'ENTREPRISE,H5A,H5A,domaine,(consentement==1 && EMPLOYE==1) && (H5==999999),((!missing(consentement) & (consentement == 1)) & (!missing(EMPLOYE) & (EMPLOYE == 1))) & ((!missing(H5) & (H5 == 999999))),translated,"!((inlist(H5A, 1, 2, 3, 4, 5, 6, 7, 8))) & (!missing(H5A)) & ($audit_scope)",questionnaire,$audit_scope,hypothese_apurement,a_valider,documente_questionnaire,export_excel_diagnostic,04_09_H_H_REVENU_ET_CARACTERISTIQUES_DE_L_ENTREPRISE.do
Q_H_HHH_fin_MISSING,H,H. REVENU ET CARACTERISTIQUES DE L'ENTREPRISE,HHH_fin,HHH_fin,manquant_univers,(consentement==1 && EMPLOYE==1),((!missing(consentement) & (consentement == 1)) & (!missing(EMPLOYE) & (EMPLOYE == 1))),translated,"((missing(HHH_fin) | trim(HHH_fin) == """")) & (((!missing(consentement) & (consentement == 1)) & (!missing(EMPLOYE) & (EMPLOYE == 1)))) & ($audit_scope)",questionnaire,$audit_scope,hypothese_apurement,a_valider,documente_questionnaire,export_excel_diagnostic,04_09_H_H_REVENU_ET_CARACTERISTIQUES_DE_L_ENTREPRISE.do
Q_H_HHH_fin_SKIP,H,H. REVENU ET CARACTERISTIQUES DE L'ENTREPRISE,HHH_fin,HHH_fin,saut_univers,(consentement==1 && EMPLOYE==1),((!missing(consentement) & (consentement == 1)) & (!missing(EMPLOYE) & (EMPLOYE == 1))),translated,"((!missing(HHH_fin) & trim(HHH_fin) != """")) & !(((!missing(consentement) & (consentement == 1)) & (!missing(EMPLOYE) & (EMPLOYE == 1)))) & ($audit_scope)",questionnaire,$audit_scope,hypothese_apurement,a_valider,documente_questionnaire,export_excel_diagnostic,04_09_H_H_REVENU_ET_CARACTERISTIQUES_DE_L_ENTREPRISE.do
Q_I_HHI_debut_MISSING,I,I. RECHERCHE D’UN AUTRE EMPLOI,HHI_debut,HHI_debut,manquant_univers,(consentement==1 && EMPLOYE==1),((!missing(consentement) & (consentement == 1)) & (!missing(EMPLOYE) & (EMPLOYE == 1))),translated,"((missing(HHI_debut) | trim(HHI_debut) == """")) & (((!missing(consentement) & (consentement == 1)) & (!missing(EMPLOYE) & (EMPLOYE == 1)))) & ($audit_scope)",questionnaire,$audit_scope,hypothese_apurement,a_valider,documente_questionnaire,export_excel_diagnostic,04_10_I_I_RECHERCHE_DUN_AUTRE_EMPLOI.do
Q_I_HHI_debut_SKIP,I,I. RECHERCHE D’UN AUTRE EMPLOI,HHI_debut,HHI_debut,saut_univers,(consentement==1 && EMPLOYE==1),((!missing(consentement) & (consentement == 1)) & (!missing(EMPLOYE) & (EMPLOYE == 1))),translated,"((!missing(HHI_debut) & trim(HHI_debut) != """")) & !(((!missing(consentement) & (consentement == 1)) & (!missing(EMPLOYE) & (EMPLOYE == 1)))) & ($audit_scope)",questionnaire,$audit_scope,hypothese_apurement,a_valider,documente_questionnaire,export_excel_diagnostic,04_10_I_I_RECHERCHE_DUN_AUTRE_EMPLOI.do
Q_I_I1_MISSING,I,I. RECHERCHE D’UN AUTRE EMPLOI,I1,I1,manquant_univers,(consentement==1 && EMPLOYE==1),((!missing(consentement) & (consentement == 1)) & (!missing(EMPLOYE) & (EMPLOYE == 1))),translated,(missing(I1)) & (((!missing(consentement) & (consentement == 1)) & (!missing(EMPLOYE) & (EMPLOYE == 1)))) & ($audit_scope),questionnaire,$audit_scope,hypothese_apurement,a_valider,documente_questionnaire,export_excel_diagnostic,04_10_I_I_RECHERCHE_DUN_AUTRE_EMPLOI.do
Q_I_I1_SKIP,I,I. RECHERCHE D’UN AUTRE EMPLOI,I1,I1,saut_univers,(consentement==1 && EMPLOYE==1),((!missing(consentement) & (consentement == 1)) & (!missing(EMPLOYE) & (EMPLOYE == 1))),translated,(!missing(I1)) & !(((!missing(consentement) & (consentement == 1)) & (!missing(EMPLOYE) & (EMPLOYE == 1)))) & ($audit_scope),questionnaire,$audit_scope,hypothese_apurement,a_valider,documente_questionnaire,export_excel_diagnostic,04_10_I_I_RECHERCHE_DUN_AUTRE_EMPLOI.do
Q_I_I1_DOMAIN,I,I. RECHERCHE D’UN AUTRE EMPLOI,I1,I1,domaine,(consentement==1 && EMPLOYE==1),((!missing(consentement) & (consentement == 1)) & (!missing(EMPLOYE) & (EMPLOYE == 1))),translated,"!((inlist(I1, 1, 2))) & (!missing(I1)) & ($audit_scope)",questionnaire,$audit_scope,hypothese_apurement,a_valider,documente_questionnaire,export_excel_diagnostic,04_10_I_I_RECHERCHE_DUN_AUTRE_EMPLOI.do
Q_I_I2_MISSING,I,I. RECHERCHE D’UN AUTRE EMPLOI,I2,I2,manquant_univers,(consentement==1 && EMPLOYE==1) && (I1==1),((!missing(consentement) & (consentement == 1)) & (!missing(EMPLOYE) & (EMPLOYE == 1))) & ((!missing(I1) & (I1 == 1))),translated,(missing(I2)) & (((!missing(consentement) & (consentement == 1)) & (!missing(EMPLOYE) & (EMPLOYE == 1))) & ((!missing(I1) & (I1 == 1)))) & ($audit_scope),questionnaire,$audit_scope,hypothese_apurement,a_valider,documente_questionnaire,export_excel_diagnostic,04_10_I_I_RECHERCHE_DUN_AUTRE_EMPLOI.do
Q_I_I2_SKIP,I,I. RECHERCHE D’UN AUTRE EMPLOI,I2,I2,saut_univers,(consentement==1 && EMPLOYE==1) && (I1==1),((!missing(consentement) & (consentement == 1)) & (!missing(EMPLOYE) & (EMPLOYE == 1))) & ((!missing(I1) & (I1 == 1))),translated,(!missing(I2)) & !(((!missing(consentement) & (consentement == 1)) & (!missing(EMPLOYE) & (EMPLOYE == 1))) & ((!missing(I1) & (I1 == 1)))) & ($audit_scope),questionnaire,$audit_scope,hypothese_apurement,a_valider,documente_questionnaire,export_excel_diagnostic,04_10_I_I_RECHERCHE_DUN_AUTRE_EMPLOI.do
Q_I_I2_DOMAIN,I,I. RECHERCHE D’UN AUTRE EMPLOI,I2,I2,domaine,(consentement==1 && EMPLOYE==1) && (I1==1),((!missing(consentement) & (consentement == 1)) & (!missing(EMPLOYE) & (EMPLOYE == 1))) & ((!missing(I1) & (I1 == 1))),translated,"!((inlist(I2, 1, 2, 3, 4, 5))) & (!missing(I2)) & ($audit_scope)",questionnaire,$audit_scope,hypothese_apurement,a_valider,documente_questionnaire,export_excel_diagnostic,04_10_I_I_RECHERCHE_DUN_AUTRE_EMPLOI.do
Q_I_I2X_MISSING,I,I. RECHERCHE D’UN AUTRE EMPLOI,I2X,I2X,manquant_univers,(consentement==1 && EMPLOYE==1) && (I2==5),((!missing(consentement) & (consentement == 1)) & (!missing(EMPLOYE) & (EMPLOYE == 1))) & ((!missing(I2) & (I2 == 5))),translated,"((missing(I2X) | trim(I2X) == """")) & (((!missing(consentement) & (consentement == 1)) & (!missing(EMPLOYE) & (EMPLOYE == 1))) & ((!missing(I2) & (I2 == 5)))) & ($audit_scope)",questionnaire,$audit_scope,hypothese_apurement,a_valider,documente_questionnaire,export_excel_diagnostic,04_10_I_I_RECHERCHE_DUN_AUTRE_EMPLOI.do
Q_I_I2X_SKIP,I,I. RECHERCHE D’UN AUTRE EMPLOI,I2X,I2X,saut_univers,(consentement==1 && EMPLOYE==1) && (I2==5),((!missing(consentement) & (consentement == 1)) & (!missing(EMPLOYE) & (EMPLOYE == 1))) & ((!missing(I2) & (I2 == 5))),translated,"((!missing(I2X) & trim(I2X) != """")) & !(((!missing(consentement) & (consentement == 1)) & (!missing(EMPLOYE) & (EMPLOYE == 1))) & ((!missing(I2) & (I2 == 5)))) & ($audit_scope)",questionnaire,$audit_scope,hypothese_apurement,a_valider,documente_questionnaire,export_excel_diagnostic,04_10_I_I_RECHERCHE_DUN_AUTRE_EMPLOI.do
Q_I_I3_MISSING,I,I. RECHERCHE D’UN AUTRE EMPLOI,I3,I3,manquant_univers,(consentement==1 && EMPLOYE==1) && (I1==1),((!missing(consentement) & (consentement == 1)) & (!missing(EMPLOYE) & (EMPLOYE == 1))) & ((!missing(I1) & (I1 == 1))),translated,(missing(I3)) & (((!missing(consentement) & (consentement == 1)) & (!missing(EMPLOYE) & (EMPLOYE == 1))) & ((!missing(I1) & (I1 == 1)))) & ($audit_scope),questionnaire,$audit_scope,hypothese_apurement,a_valider,documente_questionnaire,export_excel_diagnostic,04_10_I_I_RECHERCHE_DUN_AUTRE_EMPLOI.do
Q_I_I3_SKIP,I,I. RECHERCHE D’UN AUTRE EMPLOI,I3,I3,saut_univers,(consentement==1 && EMPLOYE==1) && (I1==1),((!missing(consentement) & (consentement == 1)) & (!missing(EMPLOYE) & (EMPLOYE == 1))) & ((!missing(I1) & (I1 == 1))),translated,(!missing(I3)) & !(((!missing(consentement) & (consentement == 1)) & (!missing(EMPLOYE) & (EMPLOYE == 1))) & ((!missing(I1) & (I1 == 1)))) & ($audit_scope),questionnaire,$audit_scope,hypothese_apurement,a_valider,documente_questionnaire,export_excel_diagnostic,04_10_I_I_RECHERCHE_DUN_AUTRE_EMPLOI.do
Q_I_I3_DOMAIN,I,I. RECHERCHE D’UN AUTRE EMPLOI,I3,I3,domaine,(consentement==1 && EMPLOYE==1) && (I1==1),((!missing(consentement) & (consentement == 1)) & (!missing(EMPLOYE) & (EMPLOYE == 1))) & ((!missing(I1) & (I1 == 1))),translated,"!((inlist(I3, 1, 2, 3, 4, 5, 6, 9))) & (!missing(I3)) & ($audit_scope)",questionnaire,$audit_scope,hypothese_apurement,a_valider,documente_questionnaire,export_excel_diagnostic,04_10_I_I_RECHERCHE_DUN_AUTRE_EMPLOI.do
Q_I_I3X_MISSING,I,I. RECHERCHE D’UN AUTRE EMPLOI,I3X,I3X,manquant_univers,(consentement==1 && EMPLOYE==1) && (I3==9),((!missing(consentement) & (consentement == 1)) & (!missing(EMPLOYE) & (EMPLOYE == 1))) & ((!missing(I3) & (I3 == 9))),translated,"((missing(I3X) | trim(I3X) == """")) & (((!missing(consentement) & (consentement == 1)) & (!missing(EMPLOYE) & (EMPLOYE == 1))) & ((!missing(I3) & (I3 == 9)))) & ($audit_scope)",questionnaire,$audit_scope,hypothese_apurement,a_valider,documente_questionnaire,export_excel_diagnostic,04_10_I_I_RECHERCHE_DUN_AUTRE_EMPLOI.do
Q_I_I3X_SKIP,I,I. RECHERCHE D’UN AUTRE EMPLOI,I3X,I3X,saut_univers,(consentement==1 && EMPLOYE==1) && (I3==9),((!missing(consentement) & (consentement == 1)) & (!missing(EMPLOYE) & (EMPLOYE == 1))) & ((!missing(I3) & (I3 == 9))),translated,"((!missing(I3X) & trim(I3X) != """")) & !(((!missing(consentement) & (consentement == 1)) & (!missing(EMPLOYE) & (EMPLOYE == 1))) & ((!missing(I3) & (I3 == 9)))) & ($audit_scope)",questionnaire,$audit_scope,hypothese_apurement,a_valider,documente_questionnaire,export_excel_diagnostic,04_10_I_I_RECHERCHE_DUN_AUTRE_EMPLOI.do
Q_I_HHI_fin_MISSING,I,I. RECHERCHE D’UN AUTRE EMPLOI,HHI_fin,HHI_fin,manquant_univers,(consentement==1 && EMPLOYE==1),((!missing(consentement) & (consentement == 1)) & (!missing(EMPLOYE) & (EMPLOYE == 1))),translated,"((missing(HHI_fin) | trim(HHI_fin) == """")) & (((!missing(consentement) & (consentement == 1)) & (!missing(EMPLOYE) & (EMPLOYE == 1)))) & ($audit_scope)",questionnaire,$audit_scope,hypothese_apurement,a_valider,documente_questionnaire,export_excel_diagnostic,04_10_I_I_RECHERCHE_DUN_AUTRE_EMPLOI.do
Q_I_HHI_fin_SKIP,I,I. RECHERCHE D’UN AUTRE EMPLOI,HHI_fin,HHI_fin,saut_univers,(consentement==1 && EMPLOYE==1),((!missing(consentement) & (consentement == 1)) & (!missing(EMPLOYE) & (EMPLOYE == 1))),translated,"((!missing(HHI_fin) & trim(HHI_fin) != """")) & !(((!missing(consentement) & (consentement == 1)) & (!missing(EMPLOYE) & (EMPLOYE == 1)))) & ($audit_scope)",questionnaire,$audit_scope,hypothese_apurement,a_valider,documente_questionnaire,export_excel_diagnostic,04_10_I_I_RECHERCHE_DUN_AUTRE_EMPLOI.do
Q_J_HHJ_debut_MISSING,J,J. CHOMAGE – DUREE ET RECHERCHE D’EMPLOI,HHJ_debut,HHJ_debut,manquant_univers,(consentement==1 && EMPLOYE==0),((!missing(consentement) & (consentement == 1)) & (!missing(EMPLOYE) & (EMPLOYE == 0))),translated,"((missing(HHJ_debut) | trim(HHJ_debut) == """")) & (((!missing(consentement) & (consentement == 1)) & (!missing(EMPLOYE) & (EMPLOYE == 0)))) & ($audit_scope)",questionnaire,$audit_scope,hypothese_apurement,a_valider,documente_questionnaire,export_excel_diagnostic,04_11_J_J_CHOMAGE_DUREE_ET_RECHERCHE_DEMPLOI.do
Q_J_HHJ_debut_SKIP,J,J. CHOMAGE – DUREE ET RECHERCHE D’EMPLOI,HHJ_debut,HHJ_debut,saut_univers,(consentement==1 && EMPLOYE==0),((!missing(consentement) & (consentement == 1)) & (!missing(EMPLOYE) & (EMPLOYE == 0))),translated,"((!missing(HHJ_debut) & trim(HHJ_debut) != """")) & !(((!missing(consentement) & (consentement == 1)) & (!missing(EMPLOYE) & (EMPLOYE == 0)))) & ($audit_scope)",questionnaire,$audit_scope,hypothese_apurement,a_valider,documente_questionnaire,export_excel_diagnostic,04_11_J_J_CHOMAGE_DUREE_ET_RECHERCHE_DEMPLOI.do
Q_J_J0_MISSING,J,J. CHOMAGE – DUREE ET RECHERCHE D’EMPLOI,J0,J0,manquant_univers,(consentement==1 && EMPLOYE==0),((!missing(consentement) & (consentement == 1)) & (!missing(EMPLOYE) & (EMPLOYE == 0))),translated,(missing(J0)) & (((!missing(consentement) & (consentement == 1)) & (!missing(EMPLOYE) & (EMPLOYE == 0)))) & ($audit_scope),questionnaire,$audit_scope,hypothese_apurement,a_valider,documente_questionnaire,export_excel_diagnostic,04_11_J_J_CHOMAGE_DUREE_ET_RECHERCHE_DEMPLOI.do
Q_J_J0_SKIP,J,J. CHOMAGE – DUREE ET RECHERCHE D’EMPLOI,J0,J0,saut_univers,(consentement==1 && EMPLOYE==0),((!missing(consentement) & (consentement == 1)) & (!missing(EMPLOYE) & (EMPLOYE == 0))),translated,(!missing(J0)) & !(((!missing(consentement) & (consentement == 1)) & (!missing(EMPLOYE) & (EMPLOYE == 0)))) & ($audit_scope),questionnaire,$audit_scope,hypothese_apurement,a_valider,documente_questionnaire,export_excel_diagnostic,04_11_J_J_CHOMAGE_DUREE_ET_RECHERCHE_DEMPLOI.do
Q_J_J0_DOMAIN,J,J. CHOMAGE – DUREE ET RECHERCHE D’EMPLOI,J0,J0,domaine,(consentement==1 && EMPLOYE==0),((!missing(consentement) & (consentement == 1)) & (!missing(EMPLOYE) & (EMPLOYE == 0))),translated,"!((inlist(J0, 1, 2))) & (!missing(J0)) & ($audit_scope)",questionnaire,$audit_scope,hypothese_apurement,a_valider,documente_questionnaire,export_excel_diagnostic,04_11_J_J_CHOMAGE_DUREE_ET_RECHERCHE_DEMPLOI.do
Q_J_J0A_MISSING,J,J. CHOMAGE – DUREE ET RECHERCHE D’EMPLOI,J0A,J0A,manquant_univers,(consentement==1 && EMPLOYE==0) && (J0==2),((!missing(consentement) & (consentement == 1)) & (!missing(EMPLOYE) & (EMPLOYE == 0))) & ((!missing(J0) & (J0 == 2))),translated,(missing(J0A)) & (((!missing(consentement) & (consentement == 1)) & (!missing(EMPLOYE) & (EMPLOYE == 0))) & ((!missing(J0) & (J0 == 2)))) & ($audit_scope),questionnaire,$audit_scope,hypothese_apurement,a_valider,documente_questionnaire,export_excel_diagnostic,04_11_J_J_CHOMAGE_DUREE_ET_RECHERCHE_DEMPLOI.do
Q_J_J0A_SKIP,J,J. CHOMAGE – DUREE ET RECHERCHE D’EMPLOI,J0A,J0A,saut_univers,(consentement==1 && EMPLOYE==0) && (J0==2),((!missing(consentement) & (consentement == 1)) & (!missing(EMPLOYE) & (EMPLOYE == 0))) & ((!missing(J0) & (J0 == 2))),translated,(!missing(J0A)) & !(((!missing(consentement) & (consentement == 1)) & (!missing(EMPLOYE) & (EMPLOYE == 0))) & ((!missing(J0) & (J0 == 2)))) & ($audit_scope),questionnaire,$audit_scope,hypothese_apurement,a_valider,documente_questionnaire,export_excel_diagnostic,04_11_J_J_CHOMAGE_DUREE_ET_RECHERCHE_DEMPLOI.do
Q_J_J0A_DOMAIN,J,J. CHOMAGE – DUREE ET RECHERCHE D’EMPLOI,J0A,J0A,domaine,(consentement==1 && EMPLOYE==0) && (J0==2),((!missing(consentement) & (consentement == 1)) & (!missing(EMPLOYE) & (EMPLOYE == 0))) & ((!missing(J0) & (J0 == 2))),translated,"!((inlist(J0A, 1, 2, 3, 4, 5, 6, 7, 8, 9))) & (!missing(J0A)) & ($audit_scope)",questionnaire,$audit_scope,hypothese_apurement,a_valider,documente_questionnaire,export_excel_diagnostic,04_11_J_J_CHOMAGE_DUREE_ET_RECHERCHE_DEMPLOI.do
Q_J_J0B_MISSING,J,J. CHOMAGE – DUREE ET RECHERCHE D’EMPLOI,J0B,J0B,manquant_univers,(consentement==1 && EMPLOYE==0) && (J0==2),((!missing(consentement) & (consentement == 1)) & (!missing(EMPLOYE) & (EMPLOYE == 0))) & ((!missing(J0) & (J0 == 2))),translated,(missing(J0B)) & (((!missing(consentement) & (consentement == 1)) & (!missing(EMPLOYE) & (EMPLOYE == 0))) & ((!missing(J0) & (J0 == 2)))) & ($audit_scope),questionnaire,$audit_scope,hypothese_apurement,a_valider,documente_questionnaire,export_excel_diagnostic,04_11_J_J_CHOMAGE_DUREE_ET_RECHERCHE_DEMPLOI.do
Q_J_J0B_SKIP,J,J. CHOMAGE – DUREE ET RECHERCHE D’EMPLOI,J0B,J0B,saut_univers,(consentement==1 && EMPLOYE==0) && (J0==2),((!missing(consentement) & (consentement == 1)) & (!missing(EMPLOYE) & (EMPLOYE == 0))) & ((!missing(J0) & (J0 == 2))),translated,(!missing(J0B)) & !(((!missing(consentement) & (consentement == 1)) & (!missing(EMPLOYE) & (EMPLOYE == 0))) & ((!missing(J0) & (J0 == 2)))) & ($audit_scope),questionnaire,$audit_scope,hypothese_apurement,a_valider,documente_questionnaire,export_excel_diagnostic,04_11_J_J_CHOMAGE_DUREE_ET_RECHERCHE_DEMPLOI.do
Q_J_J0B_DOMAIN,J,J. CHOMAGE – DUREE ET RECHERCHE D’EMPLOI,J0B,J0B,domaine,(consentement==1 && EMPLOYE==0) && (J0==2),((!missing(consentement) & (consentement == 1)) & (!missing(EMPLOYE) & (EMPLOYE == 0))) & ((!missing(J0) & (J0 == 2))),translated,"!((inlist(J0B, 1, 2))) & (!missing(J0B)) & ($audit_scope)",questionnaire,$audit_scope,hypothese_apurement,a_valider,documente_questionnaire,export_excel_diagnostic,04_11_J_J_CHOMAGE_DUREE_ET_RECHERCHE_DEMPLOI.do
Q_J_J1_MISSING,J,J. CHOMAGE – DUREE ET RECHERCHE D’EMPLOI,J1,J1,manquant_univers,(consentement==1 && EMPLOYE==0) && (J0==1),((!missing(consentement) & (consentement == 1)) & (!missing(EMPLOYE) & (EMPLOYE == 0))) & ((!missing(J0) & (J0 == 1))),translated,(missing(J1)) & (((!missing(consentement) & (consentement == 1)) & (!missing(EMPLOYE) & (EMPLOYE == 0))) & ((!missing(J0) & (J0 == 1)))) & ($audit_scope),questionnaire,$audit_scope,hypothese_apurement,a_valider,documente_questionnaire,export_excel_diagnostic,04_11_J_J_CHOMAGE_DUREE_ET_RECHERCHE_DEMPLOI.do
Q_J_J1_SKIP,J,J. CHOMAGE – DUREE ET RECHERCHE D’EMPLOI,J1,J1,saut_univers,(consentement==1 && EMPLOYE==0) && (J0==1),((!missing(consentement) & (consentement == 1)) & (!missing(EMPLOYE) & (EMPLOYE == 0))) & ((!missing(J0) & (J0 == 1))),translated,(!missing(J1)) & !(((!missing(consentement) & (consentement == 1)) & (!missing(EMPLOYE) & (EMPLOYE == 0))) & ((!missing(J0) & (J0 == 1)))) & ($audit_scope),questionnaire,$audit_scope,hypothese_apurement,a_valider,documente_questionnaire,export_excel_diagnostic,04_11_J_J_CHOMAGE_DUREE_ET_RECHERCHE_DEMPLOI.do
Q_J_J1_DOMAIN,J,J. CHOMAGE – DUREE ET RECHERCHE D’EMPLOI,J1,J1,domaine,(consentement==1 && EMPLOYE==0) && (J0==1),((!missing(consentement) & (consentement == 1)) & (!missing(EMPLOYE) & (EMPLOYE == 0))) & ((!missing(J0) & (J0 == 1))),translated,"!((inlist(J1, 1, 2, 3, 4, 5, 6, 9))) & (!missing(J1)) & ($audit_scope)",questionnaire,$audit_scope,hypothese_apurement,a_valider,documente_questionnaire,export_excel_diagnostic,04_11_J_J_CHOMAGE_DUREE_ET_RECHERCHE_DEMPLOI.do
Q_J_J1X_MISSING,J,J. CHOMAGE – DUREE ET RECHERCHE D’EMPLOI,J1X,J1X,manquant_univers,(consentement==1 && EMPLOYE==0) && (J1==9),((!missing(consentement) & (consentement == 1)) & (!missing(EMPLOYE) & (EMPLOYE == 0))) & ((!missing(J1) & (J1 == 9))),translated,"((missing(J1X) | trim(J1X) == """")) & (((!missing(consentement) & (consentement == 1)) & (!missing(EMPLOYE) & (EMPLOYE == 0))) & ((!missing(J1) & (J1 == 9)))) & ($audit_scope)",questionnaire,$audit_scope,hypothese_apurement,a_valider,documente_questionnaire,export_excel_diagnostic,04_11_J_J_CHOMAGE_DUREE_ET_RECHERCHE_DEMPLOI.do
Q_J_J1X_SKIP,J,J. CHOMAGE – DUREE ET RECHERCHE D’EMPLOI,J1X,J1X,saut_univers,(consentement==1 && EMPLOYE==0) && (J1==9),((!missing(consentement) & (consentement == 1)) & (!missing(EMPLOYE) & (EMPLOYE == 0))) & ((!missing(J1) & (J1 == 9))),translated,"((!missing(J1X) & trim(J1X) != """")) & !(((!missing(consentement) & (consentement == 1)) & (!missing(EMPLOYE) & (EMPLOYE == 0))) & ((!missing(J1) & (J1 == 9)))) & ($audit_scope)",questionnaire,$audit_scope,hypothese_apurement,a_valider,documente_questionnaire,export_excel_diagnostic,04_11_J_J_CHOMAGE_DUREE_ET_RECHERCHE_DEMPLOI.do
Q_J_J2_MISSING,J,J. CHOMAGE – DUREE ET RECHERCHE D’EMPLOI,J2,J2,manquant_univers,(consentement==1 && EMPLOYE==0) && (J0==1),((!missing(consentement) & (consentement == 1)) & (!missing(EMPLOYE) & (EMPLOYE == 0))) & ((!missing(J0) & (J0 == 1))),translated,(missing(J2)) & (((!missing(consentement) & (consentement == 1)) & (!missing(EMPLOYE) & (EMPLOYE == 0))) & ((!missing(J0) & (J0 == 1)))) & ($audit_scope),questionnaire,$audit_scope,hypothese_apurement,a_valider,documente_questionnaire,export_excel_diagnostic,04_11_J_J_CHOMAGE_DUREE_ET_RECHERCHE_DEMPLOI.do
Q_J_J2_SKIP,J,J. CHOMAGE – DUREE ET RECHERCHE D’EMPLOI,J2,J2,saut_univers,(consentement==1 && EMPLOYE==0) && (J0==1),((!missing(consentement) & (consentement == 1)) & (!missing(EMPLOYE) & (EMPLOYE == 0))) & ((!missing(J0) & (J0 == 1))),translated,(!missing(J2)) & !(((!missing(consentement) & (consentement == 1)) & (!missing(EMPLOYE) & (EMPLOYE == 0))) & ((!missing(J0) & (J0 == 1)))) & ($audit_scope),questionnaire,$audit_scope,hypothese_apurement,a_valider,documente_questionnaire,export_excel_diagnostic,04_11_J_J_CHOMAGE_DUREE_ET_RECHERCHE_DEMPLOI.do
Q_J_J2_DOMAIN,J,J. CHOMAGE – DUREE ET RECHERCHE D’EMPLOI,J2,J2,domaine,(consentement==1 && EMPLOYE==0) && (J0==1),((!missing(consentement) & (consentement == 1)) & (!missing(EMPLOYE) & (EMPLOYE == 0))) & ((!missing(J0) & (J0 == 1))),translated,"!((inlist(J2, 1, 2, 3, 4, 5, 6))) & (!missing(J2)) & ($audit_scope)",questionnaire,$audit_scope,hypothese_apurement,a_valider,documente_questionnaire,export_excel_diagnostic,04_11_J_J_CHOMAGE_DUREE_ET_RECHERCHE_DEMPLOI.do
Q_J_J3_MISSING,J,J. CHOMAGE – DUREE ET RECHERCHE D’EMPLOI,J3,J3,manquant_univers,(consentement==1 && EMPLOYE==0) && (J0==2),((!missing(consentement) & (consentement == 1)) & (!missing(EMPLOYE) & (EMPLOYE == 0))) & ((!missing(J0) & (J0 == 2))),translated,(missing(J3)) & (((!missing(consentement) & (consentement == 1)) & (!missing(EMPLOYE) & (EMPLOYE == 0))) & ((!missing(J0) & (J0 == 2)))) & ($audit_scope),questionnaire,$audit_scope,hypothese_apurement,a_valider,documente_questionnaire,export_excel_diagnostic,04_11_J_J_CHOMAGE_DUREE_ET_RECHERCHE_DEMPLOI.do
Q_J_J3_SKIP,J,J. CHOMAGE – DUREE ET RECHERCHE D’EMPLOI,J3,J3,saut_univers,(consentement==1 && EMPLOYE==0) && (J0==2),((!missing(consentement) & (consentement == 1)) & (!missing(EMPLOYE) & (EMPLOYE == 0))) & ((!missing(J0) & (J0 == 2))),translated,(!missing(J3)) & !(((!missing(consentement) & (consentement == 1)) & (!missing(EMPLOYE) & (EMPLOYE == 0))) & ((!missing(J0) & (J0 == 2)))) & ($audit_scope),questionnaire,$audit_scope,hypothese_apurement,a_valider,documente_questionnaire,export_excel_diagnostic,04_11_J_J_CHOMAGE_DUREE_ET_RECHERCHE_DEMPLOI.do
Q_J_J3_DOMAIN,J,J. CHOMAGE – DUREE ET RECHERCHE D’EMPLOI,J3,J3,domaine,(consentement==1 && EMPLOYE==0) && (J0==2),((!missing(consentement) & (consentement == 1)) & (!missing(EMPLOYE) & (EMPLOYE == 0))) & ((!missing(J0) & (J0 == 2))),translated,"!((inlist(J3, 1, 2))) & (!missing(J3)) & ($audit_scope)",questionnaire,$audit_scope,hypothese_apurement,a_valider,documente_questionnaire,export_excel_diagnostic,04_11_J_J_CHOMAGE_DUREE_ET_RECHERCHE_DEMPLOI.do
Q_J_HHJ_fin_MISSING,J,J. CHOMAGE – DUREE ET RECHERCHE D’EMPLOI,HHJ_fin,HHJ_fin,manquant_univers,(consentement==1 && EMPLOYE==0),((!missing(consentement) & (consentement == 1)) & (!missing(EMPLOYE) & (EMPLOYE == 0))),translated,"((missing(HHJ_fin) | trim(HHJ_fin) == """")) & (((!missing(consentement) & (consentement == 1)) & (!missing(EMPLOYE) & (EMPLOYE == 0)))) & ($audit_scope)",questionnaire,$audit_scope,hypothese_apurement,a_valider,documente_questionnaire,export_excel_diagnostic,04_11_J_J_CHOMAGE_DUREE_ET_RECHERCHE_DEMPLOI.do
Q_J_HHJ_fin_SKIP,J,J. CHOMAGE – DUREE ET RECHERCHE D’EMPLOI,HHJ_fin,HHJ_fin,saut_univers,(consentement==1 && EMPLOYE==0),((!missing(consentement) & (consentement == 1)) & (!missing(EMPLOYE) & (EMPLOYE == 0))),translated,"((!missing(HHJ_fin) & trim(HHJ_fin) != """")) & !(((!missing(consentement) & (consentement == 1)) & (!missing(EMPLOYE) & (EMPLOYE == 0)))) & ($audit_scope)",questionnaire,$audit_scope,hypothese_apurement,a_valider,documente_questionnaire,export_excel_diagnostic,04_11_J_J_CHOMAGE_DUREE_ET_RECHERCHE_DEMPLOI.do
Q_K_HHK_debut_MISSING,K,K. ENTREPRENEURIAT,HHK_debut,HHK_debut,manquant_univers,((HHI_fin!=null || HHJ_fin!=null) && consentement==1),((!missing(HHI_fin) | !missing(HHJ_fin)) & (!missing(consentement) & (consentement == 1))),translated,"((missing(HHK_debut) | trim(HHK_debut) == """")) & (((!missing(HHI_fin) | !missing(HHJ_fin)) & (!missing(consentement) & (consentement == 1)))) & ($audit_scope)",questionnaire,$audit_scope,hypothese_apurement,a_valider,documente_questionnaire,export_excel_diagnostic,04_12_K_K_ENTREPRENEURIAT.do
Q_K_HHK_debut_SKIP,K,K. ENTREPRENEURIAT,HHK_debut,HHK_debut,saut_univers,((HHI_fin!=null || HHJ_fin!=null) && consentement==1),((!missing(HHI_fin) | !missing(HHJ_fin)) & (!missing(consentement) & (consentement == 1))),translated,"((!missing(HHK_debut) & trim(HHK_debut) != """")) & !(((!missing(HHI_fin) | !missing(HHJ_fin)) & (!missing(consentement) & (consentement == 1)))) & ($audit_scope)",questionnaire,$audit_scope,hypothese_apurement,a_valider,documente_questionnaire,export_excel_diagnostic,04_12_K_K_ENTREPRENEURIAT.do
Q_K_K1_MISSING,K,K. ENTREPRENEURIAT,K1,K1,manquant_univers,((HHI_fin!=null || HHJ_fin!=null) && consentement==1),((!missing(HHI_fin) | !missing(HHJ_fin)) & (!missing(consentement) & (consentement == 1))),translated,(missing(K1)) & (((!missing(HHI_fin) | !missing(HHJ_fin)) & (!missing(consentement) & (consentement == 1)))) & ($audit_scope),questionnaire,$audit_scope,hypothese_apurement,a_valider,documente_questionnaire,export_excel_diagnostic,04_12_K_K_ENTREPRENEURIAT.do
Q_K_K1_SKIP,K,K. ENTREPRENEURIAT,K1,K1,saut_univers,((HHI_fin!=null || HHJ_fin!=null) && consentement==1),((!missing(HHI_fin) | !missing(HHJ_fin)) & (!missing(consentement) & (consentement == 1))),translated,(!missing(K1)) & !(((!missing(HHI_fin) | !missing(HHJ_fin)) & (!missing(consentement) & (consentement == 1)))) & ($audit_scope),questionnaire,$audit_scope,hypothese_apurement,a_valider,documente_questionnaire,export_excel_diagnostic,04_12_K_K_ENTREPRENEURIAT.do
Q_K_K1_DOMAIN,K,K. ENTREPRENEURIAT,K1,K1,domaine,((HHI_fin!=null || HHJ_fin!=null) && consentement==1),((!missing(HHI_fin) | !missing(HHJ_fin)) & (!missing(consentement) & (consentement == 1))),translated,"!((inlist(K1, 1, 2))) & (!missing(K1)) & ($audit_scope)",questionnaire,$audit_scope,hypothese_apurement,a_valider,documente_questionnaire,export_excel_diagnostic,04_12_K_K_ENTREPRENEURIAT.do
Q_K_K2_MISSING,K,K. ENTREPRENEURIAT,K2,K2,manquant_univers,((HHI_fin!=null || HHJ_fin!=null) && consentement==1) && (K1==2),((!missing(HHI_fin) | !missing(HHJ_fin)) & (!missing(consentement) & (consentement == 1))) & ((!missing(K1) & (K1 == 2))),translated,(missing(K2)) & (((!missing(HHI_fin) | !missing(HHJ_fin)) & (!missing(consentement) & (consentement == 1))) & ((!missing(K1) & (K1 == 2)))) & ($audit_scope),questionnaire,$audit_scope,hypothese_apurement,a_valider,documente_questionnaire,export_excel_diagnostic,04_12_K_K_ENTREPRENEURIAT.do
Q_K_K2_SKIP,K,K. ENTREPRENEURIAT,K2,K2,saut_univers,((HHI_fin!=null || HHJ_fin!=null) && consentement==1) && (K1==2),((!missing(HHI_fin) | !missing(HHJ_fin)) & (!missing(consentement) & (consentement == 1))) & ((!missing(K1) & (K1 == 2))),translated,(!missing(K2)) & !(((!missing(HHI_fin) | !missing(HHJ_fin)) & (!missing(consentement) & (consentement == 1))) & ((!missing(K1) & (K1 == 2)))) & ($audit_scope),questionnaire,$audit_scope,hypothese_apurement,a_valider,documente_questionnaire,export_excel_diagnostic,04_12_K_K_ENTREPRENEURIAT.do
Q_K_K2_DOMAIN,K,K. ENTREPRENEURIAT,K2,K2,domaine,((HHI_fin!=null || HHJ_fin!=null) && consentement==1) && (K1==2),((!missing(HHI_fin) | !missing(HHJ_fin)) & (!missing(consentement) & (consentement == 1))) & ((!missing(K1) & (K1 == 2))),translated,"!((inlist(K2, 1, 2))) & (!missing(K2)) & ($audit_scope)",questionnaire,$audit_scope,hypothese_apurement,a_valider,documente_questionnaire,export_excel_diagnostic,04_12_K_K_ENTREPRENEURIAT.do
Q_K_K3_MISSING,K,K. ENTREPRENEURIAT,K3,K3,manquant_univers,((HHI_fin!=null || HHJ_fin!=null) && consentement==1) && (K1==1),((!missing(HHI_fin) | !missing(HHJ_fin)) & (!missing(consentement) & (consentement == 1))) & ((!missing(K1) & (K1 == 1))),translated,(missing(K3)) & (((!missing(HHI_fin) | !missing(HHJ_fin)) & (!missing(consentement) & (consentement == 1))) & ((!missing(K1) & (K1 == 1)))) & ($audit_scope),questionnaire,$audit_scope,hypothese_apurement,a_valider,documente_questionnaire,export_excel_diagnostic,04_12_K_K_ENTREPRENEURIAT.do
Q_K_K3_SKIP,K,K. ENTREPRENEURIAT,K3,K3,saut_univers,((HHI_fin!=null || HHJ_fin!=null) && consentement==1) && (K1==1),((!missing(HHI_fin) | !missing(HHJ_fin)) & (!missing(consentement) & (consentement == 1))) & ((!missing(K1) & (K1 == 1))),translated,(!missing(K3)) & !(((!missing(HHI_fin) | !missing(HHJ_fin)) & (!missing(consentement) & (consentement == 1))) & ((!missing(K1) & (K1 == 1)))) & ($audit_scope),questionnaire,$audit_scope,hypothese_apurement,a_valider,documente_questionnaire,export_excel_diagnostic,04_12_K_K_ENTREPRENEURIAT.do
Q_K_K3_DOMAIN,K,K. ENTREPRENEURIAT,K3,K3,domaine,((HHI_fin!=null || HHJ_fin!=null) && consentement==1) && (K1==1),((!missing(HHI_fin) | !missing(HHJ_fin)) & (!missing(consentement) & (consentement == 1))) & ((!missing(K1) & (K1 == 1))),translated,"!((inlist(K3, 1, 2, 3, 4, 5, 6, 9))) & (!missing(K3)) & ($audit_scope)",questionnaire,$audit_scope,hypothese_apurement,a_valider,documente_questionnaire,export_excel_diagnostic,04_12_K_K_ENTREPRENEURIAT.do
Q_K_K3X_MISSING,K,K. ENTREPRENEURIAT,K3X,K3X,manquant_univers,((HHI_fin!=null || HHJ_fin!=null) && consentement==1) && (K3==9),((!missing(HHI_fin) | !missing(HHJ_fin)) & (!missing(consentement) & (consentement == 1))) & ((!missing(K3) & (K3 == 9))),translated,"((missing(K3X) | trim(K3X) == """")) & (((!missing(HHI_fin) | !missing(HHJ_fin)) & (!missing(consentement) & (consentement == 1))) & ((!missing(K3) & (K3 == 9)))) & ($audit_scope)",questionnaire,$audit_scope,hypothese_apurement,a_valider,documente_questionnaire,export_excel_diagnostic,04_12_K_K_ENTREPRENEURIAT.do
Q_K_K3X_SKIP,K,K. ENTREPRENEURIAT,K3X,K3X,saut_univers,((HHI_fin!=null || HHJ_fin!=null) && consentement==1) && (K3==9),((!missing(HHI_fin) | !missing(HHJ_fin)) & (!missing(consentement) & (consentement == 1))) & ((!missing(K3) & (K3 == 9))),translated,"((!missing(K3X) & trim(K3X) != """")) & !(((!missing(HHI_fin) | !missing(HHJ_fin)) & (!missing(consentement) & (consentement == 1))) & ((!missing(K3) & (K3 == 9)))) & ($audit_scope)",questionnaire,$audit_scope,hypothese_apurement,a_valider,documente_questionnaire,export_excel_diagnostic,04_12_K_K_ENTREPRENEURIAT.do
Q_K_K4_MISSING,K,K. ENTREPRENEURIAT,K4,K4,manquant_univers,((HHI_fin!=null || HHJ_fin!=null) && consentement==1) && (K1==2 && K2==1),((!missing(HHI_fin) | !missing(HHJ_fin)) & (!missing(consentement) & (consentement == 1))) & ((!missing(K1) & (K1 == 2)) & (!missing(K2) & (K2 == 1))),translated,(missing(K4)) & (((!missing(HHI_fin) | !missing(HHJ_fin)) & (!missing(consentement) & (consentement == 1))) & ((!missing(K1) & (K1 == 2)) & (!missing(K2) & (K2 == 1)))) & ($audit_scope),questionnaire,$audit_scope,hypothese_apurement,a_valider,documente_questionnaire,export_excel_diagnostic,04_12_K_K_ENTREPRENEURIAT.do
Q_K_K4_SKIP,K,K. ENTREPRENEURIAT,K4,K4,saut_univers,((HHI_fin!=null || HHJ_fin!=null) && consentement==1) && (K1==2 && K2==1),((!missing(HHI_fin) | !missing(HHJ_fin)) & (!missing(consentement) & (consentement == 1))) & ((!missing(K1) & (K1 == 2)) & (!missing(K2) & (K2 == 1))),translated,(!missing(K4)) & !(((!missing(HHI_fin) | !missing(HHJ_fin)) & (!missing(consentement) & (consentement == 1))) & ((!missing(K1) & (K1 == 2)) & (!missing(K2) & (K2 == 1)))) & ($audit_scope),questionnaire,$audit_scope,hypothese_apurement,a_valider,documente_questionnaire,export_excel_diagnostic,04_12_K_K_ENTREPRENEURIAT.do
Q_K_K4_DOMAIN,K,K. ENTREPRENEURIAT,K4,K4,domaine,((HHI_fin!=null || HHJ_fin!=null) && consentement==1) && (K1==2 && K2==1),((!missing(HHI_fin) | !missing(HHJ_fin)) & (!missing(consentement) & (consentement == 1))) & ((!missing(K1) & (K1 == 2)) & (!missing(K2) & (K2 == 1))),translated,"!((inlist(K4, 1, 2, 3, 4, 5, 6, 7, 9))) & (!missing(K4)) & ($audit_scope)",questionnaire,$audit_scope,hypothese_apurement,a_valider,documente_questionnaire,export_excel_diagnostic,04_12_K_K_ENTREPRENEURIAT.do
Q_K_K4X_MISSING,K,K. ENTREPRENEURIAT,K4X,K4X,manquant_univers,((HHI_fin!=null || HHJ_fin!=null) && consentement==1) && (K4==9),((!missing(HHI_fin) | !missing(HHJ_fin)) & (!missing(consentement) & (consentement == 1))) & ((!missing(K4) & (K4 == 9))),translated,"((missing(K4X) | trim(K4X) == """")) & (((!missing(HHI_fin) | !missing(HHJ_fin)) & (!missing(consentement) & (consentement == 1))) & ((!missing(K4) & (K4 == 9)))) & ($audit_scope)",questionnaire,$audit_scope,hypothese_apurement,a_valider,documente_questionnaire,export_excel_diagnostic,04_12_K_K_ENTREPRENEURIAT.do
Q_K_K4X_SKIP,K,K. ENTREPRENEURIAT,K4X,K4X,saut_univers,((HHI_fin!=null || HHJ_fin!=null) && consentement==1) && (K4==9),((!missing(HHI_fin) | !missing(HHJ_fin)) & (!missing(consentement) & (consentement == 1))) & ((!missing(K4) & (K4 == 9))),translated,"((!missing(K4X) & trim(K4X) != """")) & !(((!missing(HHI_fin) | !missing(HHJ_fin)) & (!missing(consentement) & (consentement == 1))) & ((!missing(K4) & (K4 == 9)))) & ($audit_scope)",questionnaire,$audit_scope,hypothese_apurement,a_valider,documente_questionnaire,export_excel_diagnostic,04_12_K_K_ENTREPRENEURIAT.do
Q_K_K5_MISSING,K,K. ENTREPRENEURIAT,K5,K5__1|K5__2|K5__3|K5__4|K5__5|K5__6|K5__7|K5__9,manquant_univers_multiselect,((HHI_fin!=null || HHJ_fin!=null) && consentement==1) && (K1==2 && K2==1),((!missing(HHI_fin) | !missing(HHJ_fin)) & (!missing(consentement) & (consentement == 1))) & ((!missing(K1) & (K1 == 2)) & (!missing(K2) & (K2 == 1))),translated,(missing(K5__1) & missing(K5__2) & missing(K5__3) & missing(K5__4) & missing(K5__5) & missing(K5__6) & missing(K5__7) & missing(K5__9)) & (((!missing(HHI_fin) | !missing(HHJ_fin)) & (!missing(consentement) & (consentement == 1))) & ((!missing(K1) & (K1 == 2)) & (!missing(K2) & (K2 == 1)))) & ($audit_scope),questionnaire,$audit_scope,hypothese_apurement,a_valider,documente_questionnaire,export_excel_diagnostic,04_12_K_K_ENTREPRENEURIAT.do
Q_K_K5_SKIP,K,K. ENTREPRENEURIAT,K5,K5__1|K5__2|K5__3|K5__4|K5__5|K5__6|K5__7|K5__9,saut_univers_multiselect,((HHI_fin!=null || HHJ_fin!=null) && consentement==1) && (K1==2 && K2==1),((!missing(HHI_fin) | !missing(HHJ_fin)) & (!missing(consentement) & (consentement == 1))) & ((!missing(K1) & (K1 == 2)) & (!missing(K2) & (K2 == 1))),translated,(!missing(K5__1) | !missing(K5__2) | !missing(K5__3) | !missing(K5__4) | !missing(K5__5) | !missing(K5__6) | !missing(K5__7) | !missing(K5__9)) & !(((!missing(HHI_fin) | !missing(HHJ_fin)) & (!missing(consentement) & (consentement == 1))) & ((!missing(K1) & (K1 == 2)) & (!missing(K2) & (K2 == 1)))) & ($audit_scope),questionnaire,$audit_scope,hypothese_apurement,a_valider,documente_questionnaire,export_excel_diagnostic,04_12_K_K_ENTREPRENEURIAT.do
Q_K_K5_DOMAIN_K5__1,K,K. ENTREPRENEURIAT,K5,K5__1,domaine_multiselect,((HHI_fin!=null || HHJ_fin!=null) && consentement==1) && (K1==2 && K2==1),((!missing(HHI_fin) | !missing(HHJ_fin)) & (!missing(consentement) & (consentement == 1))) & ((!missing(K1) & (K1 == 2)) & (!missing(K2) & (K2 == 1))),translated,"!inlist(K5__1, 0, 1) & !missing(K5__1) & ($audit_scope)",questionnaire,$audit_scope,hypothese_apurement,a_valider,documente_questionnaire,export_excel_diagnostic,04_12_K_K_ENTREPRENEURIAT.do
Q_K_K5_DOMAIN_K5__2,K,K. ENTREPRENEURIAT,K5,K5__2,domaine_multiselect,((HHI_fin!=null || HHJ_fin!=null) && consentement==1) && (K1==2 && K2==1),((!missing(HHI_fin) | !missing(HHJ_fin)) & (!missing(consentement) & (consentement == 1))) & ((!missing(K1) & (K1 == 2)) & (!missing(K2) & (K2 == 1))),translated,"!inlist(K5__2, 0, 1) & !missing(K5__2) & ($audit_scope)",questionnaire,$audit_scope,hypothese_apurement,a_valider,documente_questionnaire,export_excel_diagnostic,04_12_K_K_ENTREPRENEURIAT.do
Q_K_K5_DOMAIN_K5__3,K,K. ENTREPRENEURIAT,K5,K5__3,domaine_multiselect,((HHI_fin!=null || HHJ_fin!=null) && consentement==1) && (K1==2 && K2==1),((!missing(HHI_fin) | !missing(HHJ_fin)) & (!missing(consentement) & (consentement == 1))) & ((!missing(K1) & (K1 == 2)) & (!missing(K2) & (K2 == 1))),translated,"!inlist(K5__3, 0, 1) & !missing(K5__3) & ($audit_scope)",questionnaire,$audit_scope,hypothese_apurement,a_valider,documente_questionnaire,export_excel_diagnostic,04_12_K_K_ENTREPRENEURIAT.do
Q_K_K5_DOMAIN_K5__4,K,K. ENTREPRENEURIAT,K5,K5__4,domaine_multiselect,((HHI_fin!=null || HHJ_fin!=null) && consentement==1) && (K1==2 && K2==1),((!missing(HHI_fin) | !missing(HHJ_fin)) & (!missing(consentement) & (consentement == 1))) & ((!missing(K1) & (K1 == 2)) & (!missing(K2) & (K2 == 1))),translated,"!inlist(K5__4, 0, 1) & !missing(K5__4) & ($audit_scope)",questionnaire,$audit_scope,hypothese_apurement,a_valider,documente_questionnaire,export_excel_diagnostic,04_12_K_K_ENTREPRENEURIAT.do
Q_K_K5_DOMAIN_K5__5,K,K. ENTREPRENEURIAT,K5,K5__5,domaine_multiselect,((HHI_fin!=null || HHJ_fin!=null) && consentement==1) && (K1==2 && K2==1),((!missing(HHI_fin) | !missing(HHJ_fin)) & (!missing(consentement) & (consentement == 1))) & ((!missing(K1) & (K1 == 2)) & (!missing(K2) & (K2 == 1))),translated,"!inlist(K5__5, 0, 1) & !missing(K5__5) & ($audit_scope)",questionnaire,$audit_scope,hypothese_apurement,a_valider,documente_questionnaire,export_excel_diagnostic,04_12_K_K_ENTREPRENEURIAT.do
Q_K_K5_DOMAIN_K5__6,K,K. ENTREPRENEURIAT,K5,K5__6,domaine_multiselect,((HHI_fin!=null || HHJ_fin!=null) && consentement==1) && (K1==2 && K2==1),((!missing(HHI_fin) | !missing(HHJ_fin)) & (!missing(consentement) & (consentement == 1))) & ((!missing(K1) & (K1 == 2)) & (!missing(K2) & (K2 == 1))),translated,"!inlist(K5__6, 0, 1) & !missing(K5__6) & ($audit_scope)",questionnaire,$audit_scope,hypothese_apurement,a_valider,documente_questionnaire,export_excel_diagnostic,04_12_K_K_ENTREPRENEURIAT.do
Q_K_K5_DOMAIN_K5__7,K,K. ENTREPRENEURIAT,K5,K5__7,domaine_multiselect,((HHI_fin!=null || HHJ_fin!=null) && consentement==1) && (K1==2 && K2==1),((!missing(HHI_fin) | !missing(HHJ_fin)) & (!missing(consentement) & (consentement == 1))) & ((!missing(K1) & (K1 == 2)) & (!missing(K2) & (K2 == 1))),translated,"!inlist(K5__7, 0, 1) & !missing(K5__7) & ($audit_scope)",questionnaire,$audit_scope,hypothese_apurement,a_valider,documente_questionnaire,export_excel_diagnostic,04_12_K_K_ENTREPRENEURIAT.do
Q_K_K5_DOMAIN_K5__9,K,K. ENTREPRENEURIAT,K5,K5__9,domaine_multiselect,((HHI_fin!=null || HHJ_fin!=null) && consentement==1) && (K1==2 && K2==1),((!missing(HHI_fin) | !missing(HHJ_fin)) & (!missing(consentement) & (consentement == 1))) & ((!missing(K1) & (K1 == 2)) & (!missing(K2) & (K2 == 1))),translated,"!inlist(K5__9, 0, 1) & !missing(K5__9) & ($audit_scope)",questionnaire,$audit_scope,hypothese_apurement,a_valider,documente_questionnaire,export_excel_diagnostic,04_12_K_K_ENTREPRENEURIAT.do
Q_K_K5X_MISSING,K,K. ENTREPRENEURIAT,K5X,K5X,manquant_univers,((HHI_fin!=null || HHJ_fin!=null) && consentement==1) && (K5.Contains(9)),((!missing(HHI_fin) | !missing(HHJ_fin)) & (!missing(consentement) & (consentement == 1))) & (((!missing(K5__9) & (K5__9 == 1)))),translated,"((missing(K5X) | trim(K5X) == """")) & (((!missing(HHI_fin) | !missing(HHJ_fin)) & (!missing(consentement) & (consentement == 1))) & (((!missing(K5__9) & (K5__9 == 1))))) & ($audit_scope)",questionnaire,$audit_scope,hypothese_apurement,a_valider,documente_questionnaire,export_excel_diagnostic,04_12_K_K_ENTREPRENEURIAT.do
Q_K_K5X_SKIP,K,K. ENTREPRENEURIAT,K5X,K5X,saut_univers,((HHI_fin!=null || HHJ_fin!=null) && consentement==1) && (K5.Contains(9)),((!missing(HHI_fin) | !missing(HHJ_fin)) & (!missing(consentement) & (consentement == 1))) & (((!missing(K5__9) & (K5__9 == 1)))),translated,"((!missing(K5X) & trim(K5X) != """")) & !(((!missing(HHI_fin) | !missing(HHJ_fin)) & (!missing(consentement) & (consentement == 1))) & (((!missing(K5__9) & (K5__9 == 1))))) & ($audit_scope)",questionnaire,$audit_scope,hypothese_apurement,a_valider,documente_questionnaire,export_excel_diagnostic,04_12_K_K_ENTREPRENEURIAT.do
Q_K_K6_MISSING,K,K. ENTREPRENEURIAT,K6,K6,manquant_univers,((HHI_fin!=null || HHJ_fin!=null) && consentement==1),((!missing(HHI_fin) | !missing(HHJ_fin)) & (!missing(consentement) & (consentement == 1))),translated,(missing(K6)) & (((!missing(HHI_fin) | !missing(HHJ_fin)) & (!missing(consentement) & (consentement == 1)))) & ($audit_scope),questionnaire,$audit_scope,hypothese_apurement,a_valider,documente_questionnaire,export_excel_diagnostic,04_12_K_K_ENTREPRENEURIAT.do
Q_K_K6_SKIP,K,K. ENTREPRENEURIAT,K6,K6,saut_univers,((HHI_fin!=null || HHJ_fin!=null) && consentement==1),((!missing(HHI_fin) | !missing(HHJ_fin)) & (!missing(consentement) & (consentement == 1))),translated,(!missing(K6)) & !(((!missing(HHI_fin) | !missing(HHJ_fin)) & (!missing(consentement) & (consentement == 1)))) & ($audit_scope),questionnaire,$audit_scope,hypothese_apurement,a_valider,documente_questionnaire,export_excel_diagnostic,04_12_K_K_ENTREPRENEURIAT.do
Q_K_K6_DOMAIN,K,K. ENTREPRENEURIAT,K6,K6,domaine,((HHI_fin!=null || HHJ_fin!=null) && consentement==1),((!missing(HHI_fin) | !missing(HHJ_fin)) & (!missing(consentement) & (consentement == 1))),translated,"!((inlist(K6, 1, 2))) & (!missing(K6)) & ($audit_scope)",questionnaire,$audit_scope,hypothese_apurement,a_valider,documente_questionnaire,export_excel_diagnostic,04_12_K_K_ENTREPRENEURIAT.do
Q_K_K7_MISSING,K,K. ENTREPRENEURIAT,K7,K7,manquant_univers,((HHI_fin!=null || HHJ_fin!=null) && consentement==1),((!missing(HHI_fin) | !missing(HHJ_fin)) & (!missing(consentement) & (consentement == 1))),translated,(missing(K7)) & (((!missing(HHI_fin) | !missing(HHJ_fin)) & (!missing(consentement) & (consentement == 1)))) & ($audit_scope),questionnaire,$audit_scope,hypothese_apurement,a_valider,documente_questionnaire,export_excel_diagnostic,04_12_K_K_ENTREPRENEURIAT.do
Q_K_K7_SKIP,K,K. ENTREPRENEURIAT,K7,K7,saut_univers,((HHI_fin!=null || HHJ_fin!=null) && consentement==1),((!missing(HHI_fin) | !missing(HHJ_fin)) & (!missing(consentement) & (consentement == 1))),translated,(!missing(K7)) & !(((!missing(HHI_fin) | !missing(HHJ_fin)) & (!missing(consentement) & (consentement == 1)))) & ($audit_scope),questionnaire,$audit_scope,hypothese_apurement,a_valider,documente_questionnaire,export_excel_diagnostic,04_12_K_K_ENTREPRENEURIAT.do
Q_K_K7_DOMAIN,K,K. ENTREPRENEURIAT,K7,K7,domaine,((HHI_fin!=null || HHJ_fin!=null) && consentement==1),((!missing(HHI_fin) | !missing(HHJ_fin)) & (!missing(consentement) & (consentement == 1))),translated,"!((inlist(K7, 1, 2, 3, 4, 5))) & (!missing(K7)) & ($audit_scope)",questionnaire,$audit_scope,hypothese_apurement,a_valider,documente_questionnaire,export_excel_diagnostic,04_12_K_K_ENTREPRENEURIAT.do
Q_K_HHK_fin_MISSING,K,K. ENTREPRENEURIAT,HHK_fin,HHK_fin,manquant_univers,((HHI_fin!=null || HHJ_fin!=null) && consentement==1),((!missing(HHI_fin) | !missing(HHJ_fin)) & (!missing(consentement) & (consentement == 1))),translated,"((missing(HHK_fin) | trim(HHK_fin) == """")) & (((!missing(HHI_fin) | !missing(HHJ_fin)) & (!missing(consentement) & (consentement == 1)))) & ($audit_scope)",questionnaire,$audit_scope,hypothese_apurement,a_valider,documente_questionnaire,export_excel_diagnostic,04_12_K_K_ENTREPRENEURIAT.do
Q_K_HHK_fin_SKIP,K,K. ENTREPRENEURIAT,HHK_fin,HHK_fin,saut_univers,((HHI_fin!=null || HHJ_fin!=null) && consentement==1),((!missing(HHI_fin) | !missing(HHJ_fin)) & (!missing(consentement) & (consentement == 1))),translated,"((!missing(HHK_fin) & trim(HHK_fin) != """")) & !(((!missing(HHI_fin) | !missing(HHJ_fin)) & (!missing(consentement) & (consentement == 1)))) & ($audit_scope)",questionnaire,$audit_scope,hypothese_apurement,a_valider,documente_questionnaire,export_excel_diagnostic,04_12_K_K_ENTREPRENEURIAT.do
Q_L_HHL_debut_MISSING,L,L. INCLUSION FINANCIERE & EPARGNE,HHL_debut,HHL_debut,manquant_univers,(HHK_fin!=null && consentement==1),(!missing(HHK_fin) & (!missing(consentement) & (consentement == 1))),translated,"((missing(HHL_debut) | trim(HHL_debut) == """")) & ((!missing(HHK_fin) & (!missing(consentement) & (consentement == 1)))) & ($audit_scope)",questionnaire,$audit_scope,hypothese_apurement,a_valider,documente_questionnaire,export_excel_diagnostic,04_13_L_L_INCLUSION_FINANCIERE_EPARGNE.do
Q_L_HHL_debut_SKIP,L,L. INCLUSION FINANCIERE & EPARGNE,HHL_debut,HHL_debut,saut_univers,(HHK_fin!=null && consentement==1),(!missing(HHK_fin) & (!missing(consentement) & (consentement == 1))),translated,"((!missing(HHL_debut) & trim(HHL_debut) != """")) & !((!missing(HHK_fin) & (!missing(consentement) & (consentement == 1)))) & ($audit_scope)",questionnaire,$audit_scope,hypothese_apurement,a_valider,documente_questionnaire,export_excel_diagnostic,04_13_L_L_INCLUSION_FINANCIERE_EPARGNE.do
Q_L_L1_MISSING,L,L. INCLUSION FINANCIERE & EPARGNE,L1,L1,manquant_univers,(HHK_fin!=null && consentement==1),(!missing(HHK_fin) & (!missing(consentement) & (consentement == 1))),translated,(missing(L1)) & ((!missing(HHK_fin) & (!missing(consentement) & (consentement == 1)))) & ($audit_scope),questionnaire,$audit_scope,hypothese_apurement,a_valider,documente_questionnaire,export_excel_diagnostic,04_13_L_L_INCLUSION_FINANCIERE_EPARGNE.do
Q_L_L1_SKIP,L,L. INCLUSION FINANCIERE & EPARGNE,L1,L1,saut_univers,(HHK_fin!=null && consentement==1),(!missing(HHK_fin) & (!missing(consentement) & (consentement == 1))),translated,(!missing(L1)) & !((!missing(HHK_fin) & (!missing(consentement) & (consentement == 1)))) & ($audit_scope),questionnaire,$audit_scope,hypothese_apurement,a_valider,documente_questionnaire,export_excel_diagnostic,04_13_L_L_INCLUSION_FINANCIERE_EPARGNE.do
Q_L_L1_DOMAIN,L,L. INCLUSION FINANCIERE & EPARGNE,L1,L1,domaine,(HHK_fin!=null && consentement==1),(!missing(HHK_fin) & (!missing(consentement) & (consentement == 1))),translated,"!((inlist(L1, 1, 2))) & (!missing(L1)) & ($audit_scope)",questionnaire,$audit_scope,hypothese_apurement,a_valider,documente_questionnaire,export_excel_diagnostic,04_13_L_L_INCLUSION_FINANCIERE_EPARGNE.do
Q_L_L2_MISSING,L,L. INCLUSION FINANCIERE & EPARGNE,L2,L2,manquant_univers,(HHK_fin!=null && consentement==1),(!missing(HHK_fin) & (!missing(consentement) & (consentement == 1))),translated,(missing(L2)) & ((!missing(HHK_fin) & (!missing(consentement) & (consentement == 1)))) & ($audit_scope),questionnaire,$audit_scope,hypothese_apurement,a_valider,documente_questionnaire,export_excel_diagnostic,04_13_L_L_INCLUSION_FINANCIERE_EPARGNE.do
Q_L_L2_SKIP,L,L. INCLUSION FINANCIERE & EPARGNE,L2,L2,saut_univers,(HHK_fin!=null && consentement==1),(!missing(HHK_fin) & (!missing(consentement) & (consentement == 1))),translated,(!missing(L2)) & !((!missing(HHK_fin) & (!missing(consentement) & (consentement == 1)))) & ($audit_scope),questionnaire,$audit_scope,hypothese_apurement,a_valider,documente_questionnaire,export_excel_diagnostic,04_13_L_L_INCLUSION_FINANCIERE_EPARGNE.do
Q_L_L2_DOMAIN,L,L. INCLUSION FINANCIERE & EPARGNE,L2,L2,domaine,(HHK_fin!=null && consentement==1),(!missing(HHK_fin) & (!missing(consentement) & (consentement == 1))),translated,"!((inlist(L2, 1, 2))) & (!missing(L2)) & ($audit_scope)",questionnaire,$audit_scope,hypothese_apurement,a_valider,documente_questionnaire,export_excel_diagnostic,04_13_L_L_INCLUSION_FINANCIERE_EPARGNE.do
Q_L_L3_MISSING,L,L. INCLUSION FINANCIERE & EPARGNE,L3,L3,manquant_univers,(HHK_fin!=null && consentement==1),(!missing(HHK_fin) & (!missing(consentement) & (consentement == 1))),translated,(missing(L3)) & ((!missing(HHK_fin) & (!missing(consentement) & (consentement == 1)))) & ($audit_scope),questionnaire,$audit_scope,hypothese_apurement,a_valider,documente_questionnaire,export_excel_diagnostic,04_13_L_L_INCLUSION_FINANCIERE_EPARGNE.do
Q_L_L3_SKIP,L,L. INCLUSION FINANCIERE & EPARGNE,L3,L3,saut_univers,(HHK_fin!=null && consentement==1),(!missing(HHK_fin) & (!missing(consentement) & (consentement == 1))),translated,(!missing(L3)) & !((!missing(HHK_fin) & (!missing(consentement) & (consentement == 1)))) & ($audit_scope),questionnaire,$audit_scope,hypothese_apurement,a_valider,documente_questionnaire,export_excel_diagnostic,04_13_L_L_INCLUSION_FINANCIERE_EPARGNE.do
Q_L_L3_DOMAIN,L,L. INCLUSION FINANCIERE & EPARGNE,L3,L3,domaine,(HHK_fin!=null && consentement==1),(!missing(HHK_fin) & (!missing(consentement) & (consentement == 1))),translated,"!((inlist(L3, 1, 2, 3))) & (!missing(L3)) & ($audit_scope)",questionnaire,$audit_scope,hypothese_apurement,a_valider,documente_questionnaire,export_excel_diagnostic,04_13_L_L_INCLUSION_FINANCIERE_EPARGNE.do
Q_L_L4_MISSING,L,L. INCLUSION FINANCIERE & EPARGNE,L4,L4,manquant_univers,(HHK_fin!=null && consentement==1) && (L3==1 || L3==2),(!missing(HHK_fin) & (!missing(consentement) & (consentement == 1))) & ((!missing(L3) & (L3 == 1)) | (!missing(L3) & (L3 == 2))),translated,(missing(L4)) & ((!missing(HHK_fin) & (!missing(consentement) & (consentement == 1))) & ((!missing(L3) & (L3 == 1)) | (!missing(L3) & (L3 == 2)))) & ($audit_scope),questionnaire,$audit_scope,hypothese_apurement,a_valider,documente_questionnaire,export_excel_diagnostic,04_13_L_L_INCLUSION_FINANCIERE_EPARGNE.do
Q_L_L4_SKIP,L,L. INCLUSION FINANCIERE & EPARGNE,L4,L4,saut_univers,(HHK_fin!=null && consentement==1) && (L3==1 || L3==2),(!missing(HHK_fin) & (!missing(consentement) & (consentement == 1))) & ((!missing(L3) & (L3 == 1)) | (!missing(L3) & (L3 == 2))),translated,(!missing(L4)) & !((!missing(HHK_fin) & (!missing(consentement) & (consentement == 1))) & ((!missing(L3) & (L3 == 1)) | (!missing(L3) & (L3 == 2)))) & ($audit_scope),questionnaire,$audit_scope,hypothese_apurement,a_valider,documente_questionnaire,export_excel_diagnostic,04_13_L_L_INCLUSION_FINANCIERE_EPARGNE.do
Q_L_L4_SPECIAL,L,L. INCLUSION FINANCIERE & EPARGNE,L4,L4,code_special_autorise,(HHK_fin!=null && consentement==1) && (L3==1 || L3==2),(!missing(HHK_fin) & (!missing(consentement) & (consentement == 1))) & ((!missing(L3) & (L3 == 1)) | (!missing(L3) & (L3 == 2))),translated,"(inlist(L4, 999998)) & (!missing(L4)) & ($audit_scope)",questionnaire,$audit_scope,hypothese_apurement,a_valider,documente_questionnaire_action_a_valider,export_excel_diagnostic,04_13_L_L_INCLUSION_FINANCIERE_EPARGNE.do
Q_L_L5_MISSING,L,L. INCLUSION FINANCIERE & EPARGNE,L5,L5,manquant_univers,(HHK_fin!=null && consentement==1) && (L3==1 || L3==2),(!missing(HHK_fin) & (!missing(consentement) & (consentement == 1))) & ((!missing(L3) & (L3 == 1)) | (!missing(L3) & (L3 == 2))),translated,(missing(L5)) & ((!missing(HHK_fin) & (!missing(consentement) & (consentement == 1))) & ((!missing(L3) & (L3 == 1)) | (!missing(L3) & (L3 == 2)))) & ($audit_scope),questionnaire,$audit_scope,hypothese_apurement,a_valider,documente_questionnaire,export_excel_diagnostic,04_13_L_L_INCLUSION_FINANCIERE_EPARGNE.do
Q_L_L5_SKIP,L,L. INCLUSION FINANCIERE & EPARGNE,L5,L5,saut_univers,(HHK_fin!=null && consentement==1) && (L3==1 || L3==2),(!missing(HHK_fin) & (!missing(consentement) & (consentement == 1))) & ((!missing(L3) & (L3 == 1)) | (!missing(L3) & (L3 == 2))),translated,(!missing(L5)) & !((!missing(HHK_fin) & (!missing(consentement) & (consentement == 1))) & ((!missing(L3) & (L3 == 1)) | (!missing(L3) & (L3 == 2)))) & ($audit_scope),questionnaire,$audit_scope,hypothese_apurement,a_valider,documente_questionnaire,export_excel_diagnostic,04_13_L_L_INCLUSION_FINANCIERE_EPARGNE.do
Q_L_L5_DOMAIN,L,L. INCLUSION FINANCIERE & EPARGNE,L5,L5,domaine,(HHK_fin!=null && consentement==1) && (L3==1 || L3==2),(!missing(HHK_fin) & (!missing(consentement) & (consentement == 1))) & ((!missing(L3) & (L3 == 1)) | (!missing(L3) & (L3 == 2))),translated,"!((inlist(L5, 1, 2, 3, 4, 5))) & (!missing(L5)) & ($audit_scope)",questionnaire,$audit_scope,hypothese_apurement,a_valider,documente_questionnaire,export_excel_diagnostic,04_13_L_L_INCLUSION_FINANCIERE_EPARGNE.do
Q_L_L5X_MISSING,L,L. INCLUSION FINANCIERE & EPARGNE,L5X,L5X,manquant_univers,(HHK_fin!=null && consentement==1) && (L5==5),(!missing(HHK_fin) & (!missing(consentement) & (consentement == 1))) & ((!missing(L5) & (L5 == 5))),translated,"((missing(L5X) | trim(L5X) == """")) & ((!missing(HHK_fin) & (!missing(consentement) & (consentement == 1))) & ((!missing(L5) & (L5 == 5)))) & ($audit_scope)",questionnaire,$audit_scope,hypothese_apurement,a_valider,documente_questionnaire,export_excel_diagnostic,04_13_L_L_INCLUSION_FINANCIERE_EPARGNE.do
Q_L_L5X_SKIP,L,L. INCLUSION FINANCIERE & EPARGNE,L5X,L5X,saut_univers,(HHK_fin!=null && consentement==1) && (L5==5),(!missing(HHK_fin) & (!missing(consentement) & (consentement == 1))) & ((!missing(L5) & (L5 == 5))),translated,"((!missing(L5X) & trim(L5X) != """")) & !((!missing(HHK_fin) & (!missing(consentement) & (consentement == 1))) & ((!missing(L5) & (L5 == 5)))) & ($audit_scope)",questionnaire,$audit_scope,hypothese_apurement,a_valider,documente_questionnaire,export_excel_diagnostic,04_13_L_L_INCLUSION_FINANCIERE_EPARGNE.do
Q_L_L6_MISSING,L,L. INCLUSION FINANCIERE & EPARGNE,L6,L6,manquant_univers,(HHK_fin!=null && consentement==1),(!missing(HHK_fin) & (!missing(consentement) & (consentement == 1))),translated,(missing(L6)) & ((!missing(HHK_fin) & (!missing(consentement) & (consentement == 1)))) & ($audit_scope),questionnaire,$audit_scope,hypothese_apurement,a_valider,documente_questionnaire,export_excel_diagnostic,04_13_L_L_INCLUSION_FINANCIERE_EPARGNE.do
Q_L_L6_SKIP,L,L. INCLUSION FINANCIERE & EPARGNE,L6,L6,saut_univers,(HHK_fin!=null && consentement==1),(!missing(HHK_fin) & (!missing(consentement) & (consentement == 1))),translated,(!missing(L6)) & !((!missing(HHK_fin) & (!missing(consentement) & (consentement == 1)))) & ($audit_scope),questionnaire,$audit_scope,hypothese_apurement,a_valider,documente_questionnaire,export_excel_diagnostic,04_13_L_L_INCLUSION_FINANCIERE_EPARGNE.do
Q_L_L6_DOMAIN,L,L. INCLUSION FINANCIERE & EPARGNE,L6,L6,domaine,(HHK_fin!=null && consentement==1),(!missing(HHK_fin) & (!missing(consentement) & (consentement == 1))),translated,"!((inlist(L6, 1, 2))) & (!missing(L6)) & ($audit_scope)",questionnaire,$audit_scope,hypothese_apurement,a_valider,documente_questionnaire,export_excel_diagnostic,04_13_L_L_INCLUSION_FINANCIERE_EPARGNE.do
Q_L_L7_MISSING,L,L. INCLUSION FINANCIERE & EPARGNE,L7,L7,manquant_univers,(HHK_fin!=null && consentement==1) && (L6==1),(!missing(HHK_fin) & (!missing(consentement) & (consentement == 1))) & ((!missing(L6) & (L6 == 1))),translated,(missing(L7)) & ((!missing(HHK_fin) & (!missing(consentement) & (consentement == 1))) & ((!missing(L6) & (L6 == 1)))) & ($audit_scope),questionnaire,$audit_scope,hypothese_apurement,a_valider,documente_questionnaire,export_excel_diagnostic,04_13_L_L_INCLUSION_FINANCIERE_EPARGNE.do
Q_L_L7_SKIP,L,L. INCLUSION FINANCIERE & EPARGNE,L7,L7,saut_univers,(HHK_fin!=null && consentement==1) && (L6==1),(!missing(HHK_fin) & (!missing(consentement) & (consentement == 1))) & ((!missing(L6) & (L6 == 1))),translated,(!missing(L7)) & !((!missing(HHK_fin) & (!missing(consentement) & (consentement == 1))) & ((!missing(L6) & (L6 == 1)))) & ($audit_scope),questionnaire,$audit_scope,hypothese_apurement,a_valider,documente_questionnaire,export_excel_diagnostic,04_13_L_L_INCLUSION_FINANCIERE_EPARGNE.do
Q_L_L7_DOMAIN,L,L. INCLUSION FINANCIERE & EPARGNE,L7,L7,domaine,(HHK_fin!=null && consentement==1) && (L6==1),(!missing(HHK_fin) & (!missing(consentement) & (consentement == 1))) & ((!missing(L6) & (L6 == 1))),translated,"!((inlist(L7, 1, 2, 3, 4, 5, 6, 7, 9))) & (!missing(L7)) & ($audit_scope)",questionnaire,$audit_scope,hypothese_apurement,a_valider,documente_questionnaire,export_excel_diagnostic,04_13_L_L_INCLUSION_FINANCIERE_EPARGNE.do
Q_L_L7X_MISSING,L,L. INCLUSION FINANCIERE & EPARGNE,L7X,L7X,manquant_univers,(HHK_fin!=null && consentement==1) && (L7==9),(!missing(HHK_fin) & (!missing(consentement) & (consentement == 1))) & ((!missing(L7) & (L7 == 9))),translated,"((missing(L7X) | trim(L7X) == """")) & ((!missing(HHK_fin) & (!missing(consentement) & (consentement == 1))) & ((!missing(L7) & (L7 == 9)))) & ($audit_scope)",questionnaire,$audit_scope,hypothese_apurement,a_valider,documente_questionnaire,export_excel_diagnostic,04_13_L_L_INCLUSION_FINANCIERE_EPARGNE.do
Q_L_L7X_SKIP,L,L. INCLUSION FINANCIERE & EPARGNE,L7X,L7X,saut_univers,(HHK_fin!=null && consentement==1) && (L7==9),(!missing(HHK_fin) & (!missing(consentement) & (consentement == 1))) & ((!missing(L7) & (L7 == 9))),translated,"((!missing(L7X) & trim(L7X) != """")) & !((!missing(HHK_fin) & (!missing(consentement) & (consentement == 1))) & ((!missing(L7) & (L7 == 9)))) & ($audit_scope)",questionnaire,$audit_scope,hypothese_apurement,a_valider,documente_questionnaire,export_excel_diagnostic,04_13_L_L_INCLUSION_FINANCIERE_EPARGNE.do
Q_L_L8_MISSING,L,L. INCLUSION FINANCIERE & EPARGNE,L8,L8,manquant_univers,(HHK_fin!=null && consentement==1) && (L6==1),(!missing(HHK_fin) & (!missing(consentement) & (consentement == 1))) & ((!missing(L6) & (L6 == 1))),translated,(missing(L8)) & ((!missing(HHK_fin) & (!missing(consentement) & (consentement == 1))) & ((!missing(L6) & (L6 == 1)))) & ($audit_scope),questionnaire,$audit_scope,hypothese_apurement,a_valider,documente_questionnaire,export_excel_diagnostic,04_13_L_L_INCLUSION_FINANCIERE_EPARGNE.do
Q_L_L8_SKIP,L,L. INCLUSION FINANCIERE & EPARGNE,L8,L8,saut_univers,(HHK_fin!=null && consentement==1) && (L6==1),(!missing(HHK_fin) & (!missing(consentement) & (consentement == 1))) & ((!missing(L6) & (L6 == 1))),translated,(!missing(L8)) & !((!missing(HHK_fin) & (!missing(consentement) & (consentement == 1))) & ((!missing(L6) & (L6 == 1)))) & ($audit_scope),questionnaire,$audit_scope,hypothese_apurement,a_valider,documente_questionnaire,export_excel_diagnostic,04_13_L_L_INCLUSION_FINANCIERE_EPARGNE.do
Q_L_L8_SPECIAL,L,L. INCLUSION FINANCIERE & EPARGNE,L8,L8,code_special_autorise,(HHK_fin!=null && consentement==1) && (L6==1),(!missing(HHK_fin) & (!missing(consentement) & (consentement == 1))) & ((!missing(L6) & (L6 == 1))),translated,"(inlist(L8, 99998)) & (!missing(L8)) & ($audit_scope)",questionnaire,$audit_scope,hypothese_apurement,a_valider,documente_questionnaire_action_a_valider,export_excel_diagnostic,04_13_L_L_INCLUSION_FINANCIERE_EPARGNE.do
Q_L_L9_MISSING,L,L. INCLUSION FINANCIERE & EPARGNE,L9,L9,manquant_univers,(HHK_fin!=null && consentement==1) && (L6==1),(!missing(HHK_fin) & (!missing(consentement) & (consentement == 1))) & ((!missing(L6) & (L6 == 1))),translated,(missing(L9)) & ((!missing(HHK_fin) & (!missing(consentement) & (consentement == 1))) & ((!missing(L6) & (L6 == 1)))) & ($audit_scope),questionnaire,$audit_scope,hypothese_apurement,a_valider,documente_questionnaire,export_excel_diagnostic,04_13_L_L_INCLUSION_FINANCIERE_EPARGNE.do
Q_L_L9_SKIP,L,L. INCLUSION FINANCIERE & EPARGNE,L9,L9,saut_univers,(HHK_fin!=null && consentement==1) && (L6==1),(!missing(HHK_fin) & (!missing(consentement) & (consentement == 1))) & ((!missing(L6) & (L6 == 1))),translated,(!missing(L9)) & !((!missing(HHK_fin) & (!missing(consentement) & (consentement == 1))) & ((!missing(L6) & (L6 == 1)))) & ($audit_scope),questionnaire,$audit_scope,hypothese_apurement,a_valider,documente_questionnaire,export_excel_diagnostic,04_13_L_L_INCLUSION_FINANCIERE_EPARGNE.do
Q_L_L9_DOMAIN,L,L. INCLUSION FINANCIERE & EPARGNE,L9,L9,domaine,(HHK_fin!=null && consentement==1) && (L6==1),(!missing(HHK_fin) & (!missing(consentement) & (consentement == 1))) & ((!missing(L6) & (L6 == 1))),translated,"!((inlist(L9, 1, 2, 3, 4, 5, 9))) & (!missing(L9)) & ($audit_scope)",questionnaire,$audit_scope,hypothese_apurement,a_valider,documente_questionnaire,export_excel_diagnostic,04_13_L_L_INCLUSION_FINANCIERE_EPARGNE.do
Q_L_HHL_fin_MISSING,L,L. INCLUSION FINANCIERE & EPARGNE,HHL_fin,HHL_fin,manquant_univers,(HHK_fin!=null && consentement==1),(!missing(HHK_fin) & (!missing(consentement) & (consentement == 1))),translated,"((missing(HHL_fin) | trim(HHL_fin) == """")) & ((!missing(HHK_fin) & (!missing(consentement) & (consentement == 1)))) & ($audit_scope)",questionnaire,$audit_scope,hypothese_apurement,a_valider,documente_questionnaire,export_excel_diagnostic,04_13_L_L_INCLUSION_FINANCIERE_EPARGNE.do
Q_L_HHL_fin_SKIP,L,L. INCLUSION FINANCIERE & EPARGNE,HHL_fin,HHL_fin,saut_univers,(HHK_fin!=null && consentement==1),(!missing(HHK_fin) & (!missing(consentement) & (consentement == 1))),translated,"((!missing(HHL_fin) & trim(HHL_fin) != """")) & !((!missing(HHK_fin) & (!missing(consentement) & (consentement == 1)))) & ($audit_scope)",questionnaire,$audit_scope,hypothese_apurement,a_valider,documente_questionnaire,export_excel_diagnostic,04_13_L_L_INCLUSION_FINANCIERE_EPARGNE.do
Q_M_HHM_debut_MISSING,M,M. CHANGEMENT DE STATUT,HHM_debut,HHM_debut,manquant_univers,(HHL_fin!=null && consentement==1),(!missing(HHL_fin) & (!missing(consentement) & (consentement == 1))),translated,"((missing(HHM_debut) | trim(HHM_debut) == """")) & ((!missing(HHL_fin) & (!missing(consentement) & (consentement == 1)))) & ($audit_scope)",questionnaire,$audit_scope,hypothese_apurement,a_valider,documente_questionnaire,export_excel_diagnostic,04_14_M_M_CHANGEMENT_DE_STATUT.do
Q_M_HHM_debut_SKIP,M,M. CHANGEMENT DE STATUT,HHM_debut,HHM_debut,saut_univers,(HHL_fin!=null && consentement==1),(!missing(HHL_fin) & (!missing(consentement) & (consentement == 1))),translated,"((!missing(HHM_debut) & trim(HHM_debut) != """")) & !((!missing(HHL_fin) & (!missing(consentement) & (consentement == 1)))) & ($audit_scope)",questionnaire,$audit_scope,hypothese_apurement,a_valider,documente_questionnaire,export_excel_diagnostic,04_14_M_M_CHANGEMENT_DE_STATUT.do
Q_M_M1_MISSING,M,M. CHANGEMENT DE STATUT,M1,M1,manquant_univers,(HHL_fin!=null && consentement==1),(!missing(HHL_fin) & (!missing(consentement) & (consentement == 1))),translated,(missing(M1)) & ((!missing(HHL_fin) & (!missing(consentement) & (consentement == 1)))) & ($audit_scope),questionnaire,$audit_scope,hypothese_apurement,a_valider,documente_questionnaire,export_excel_diagnostic,04_14_M_M_CHANGEMENT_DE_STATUT.do
Q_M_M1_SKIP,M,M. CHANGEMENT DE STATUT,M1,M1,saut_univers,(HHL_fin!=null && consentement==1),(!missing(HHL_fin) & (!missing(consentement) & (consentement == 1))),translated,(!missing(M1)) & !((!missing(HHL_fin) & (!missing(consentement) & (consentement == 1)))) & ($audit_scope),questionnaire,$audit_scope,hypothese_apurement,a_valider,documente_questionnaire,export_excel_diagnostic,04_14_M_M_CHANGEMENT_DE_STATUT.do
Q_M_M1_DOMAIN,M,M. CHANGEMENT DE STATUT,M1,M1,domaine,(HHL_fin!=null && consentement==1),(!missing(HHL_fin) & (!missing(consentement) & (consentement == 1))),translated,"!((inlist(M1, 1, 2, 3))) & (!missing(M1)) & ($audit_scope)",questionnaire,$audit_scope,hypothese_apurement,a_valider,documente_questionnaire,export_excel_diagnostic,04_14_M_M_CHANGEMENT_DE_STATUT.do
Q_M_M2_MISSING,M,M. CHANGEMENT DE STATUT,M2,M2,manquant_univers,(HHL_fin!=null && consentement==1),(!missing(HHL_fin) & (!missing(consentement) & (consentement == 1))),translated,(missing(M2)) & ((!missing(HHL_fin) & (!missing(consentement) & (consentement == 1)))) & ($audit_scope),questionnaire,$audit_scope,hypothese_apurement,a_valider,documente_questionnaire,export_excel_diagnostic,04_14_M_M_CHANGEMENT_DE_STATUT.do
Q_M_M2_SKIP,M,M. CHANGEMENT DE STATUT,M2,M2,saut_univers,(HHL_fin!=null && consentement==1),(!missing(HHL_fin) & (!missing(consentement) & (consentement == 1))),translated,(!missing(M2)) & !((!missing(HHL_fin) & (!missing(consentement) & (consentement == 1)))) & ($audit_scope),questionnaire,$audit_scope,hypothese_apurement,a_valider,documente_questionnaire,export_excel_diagnostic,04_14_M_M_CHANGEMENT_DE_STATUT.do
Q_M_M2_DOMAIN,M,M. CHANGEMENT DE STATUT,M2,M2,domaine,(HHL_fin!=null && consentement==1),(!missing(HHL_fin) & (!missing(consentement) & (consentement == 1))),translated,"!((inlist(M2, 1, 2, 3))) & (!missing(M2)) & ($audit_scope)",questionnaire,$audit_scope,hypothese_apurement,a_valider,documente_questionnaire,export_excel_diagnostic,04_14_M_M_CHANGEMENT_DE_STATUT.do
Q_M_M3_MISSING,M,M. CHANGEMENT DE STATUT,M3,M3,manquant_univers,(HHL_fin!=null && consentement==1),(!missing(HHL_fin) & (!missing(consentement) & (consentement == 1))),translated,(missing(M3)) & ((!missing(HHL_fin) & (!missing(consentement) & (consentement == 1)))) & ($audit_scope),questionnaire,$audit_scope,hypothese_apurement,a_valider,documente_questionnaire,export_excel_diagnostic,04_14_M_M_CHANGEMENT_DE_STATUT.do
Q_M_M3_SKIP,M,M. CHANGEMENT DE STATUT,M3,M3,saut_univers,(HHL_fin!=null && consentement==1),(!missing(HHL_fin) & (!missing(consentement) & (consentement == 1))),translated,(!missing(M3)) & !((!missing(HHL_fin) & (!missing(consentement) & (consentement == 1)))) & ($audit_scope),questionnaire,$audit_scope,hypothese_apurement,a_valider,documente_questionnaire,export_excel_diagnostic,04_14_M_M_CHANGEMENT_DE_STATUT.do
Q_M_M3_DOMAIN,M,M. CHANGEMENT DE STATUT,M3,M3,domaine,(HHL_fin!=null && consentement==1),(!missing(HHL_fin) & (!missing(consentement) & (consentement == 1))),translated,"!((inlist(M3, 1, 2, 3, 4, 5))) & (!missing(M3)) & ($audit_scope)",questionnaire,$audit_scope,hypothese_apurement,a_valider,documente_questionnaire,export_excel_diagnostic,04_14_M_M_CHANGEMENT_DE_STATUT.do
Q_M_M4_MISSING,M,M. CHANGEMENT DE STATUT,M4,M4,manquant_univers,(HHL_fin!=null && consentement==1),(!missing(HHL_fin) & (!missing(consentement) & (consentement == 1))),translated,(missing(M4)) & ((!missing(HHL_fin) & (!missing(consentement) & (consentement == 1)))) & ($audit_scope),questionnaire,$audit_scope,hypothese_apurement,a_valider,documente_questionnaire,export_excel_diagnostic,04_14_M_M_CHANGEMENT_DE_STATUT.do
Q_M_M4_SKIP,M,M. CHANGEMENT DE STATUT,M4,M4,saut_univers,(HHL_fin!=null && consentement==1),(!missing(HHL_fin) & (!missing(consentement) & (consentement == 1))),translated,(!missing(M4)) & !((!missing(HHL_fin) & (!missing(consentement) & (consentement == 1)))) & ($audit_scope),questionnaire,$audit_scope,hypothese_apurement,a_valider,documente_questionnaire,export_excel_diagnostic,04_14_M_M_CHANGEMENT_DE_STATUT.do
Q_M_M4_DOMAIN,M,M. CHANGEMENT DE STATUT,M4,M4,domaine,(HHL_fin!=null && consentement==1),(!missing(HHL_fin) & (!missing(consentement) & (consentement == 1))),translated,"!((inlist(M4, 1, 2, 3))) & (!missing(M4)) & ($audit_scope)",questionnaire,$audit_scope,hypothese_apurement,a_valider,documente_questionnaire,export_excel_diagnostic,04_14_M_M_CHANGEMENT_DE_STATUT.do
Q_M_HHM_fin_MISSING,M,M. CHANGEMENT DE STATUT,HHM_fin,HHM_fin,manquant_univers,(HHL_fin!=null && consentement==1),(!missing(HHL_fin) & (!missing(consentement) & (consentement == 1))),translated,"((missing(HHM_fin) | trim(HHM_fin) == """")) & ((!missing(HHL_fin) & (!missing(consentement) & (consentement == 1)))) & ($audit_scope)",questionnaire,$audit_scope,hypothese_apurement,a_valider,documente_questionnaire,export_excel_diagnostic,04_14_M_M_CHANGEMENT_DE_STATUT.do
Q_M_HHM_fin_SKIP,M,M. CHANGEMENT DE STATUT,HHM_fin,HHM_fin,saut_univers,(HHL_fin!=null && consentement==1),(!missing(HHL_fin) & (!missing(consentement) & (consentement == 1))),translated,"((!missing(HHM_fin) & trim(HHM_fin) != """")) & !((!missing(HHL_fin) & (!missing(consentement) & (consentement == 1)))) & ($audit_scope)",questionnaire,$audit_scope,hypothese_apurement,a_valider,documente_questionnaire,export_excel_diagnostic,04_14_M_M_CHANGEMENT_DE_STATUT.do
Q_N_HHN_debut_MISSING,N,N. RESILIENCE FACE AUX CHOCS,HHN_debut,HHN_debut,manquant_univers,(HHM_fin!=null && consentement==1),(!missing(HHM_fin) & (!missing(consentement) & (consentement == 1))),translated,"((missing(HHN_debut) | trim(HHN_debut) == """")) & ((!missing(HHM_fin) & (!missing(consentement) & (consentement == 1)))) & ($audit_scope)",questionnaire,$audit_scope,hypothese_apurement,a_valider,documente_questionnaire,export_excel_diagnostic,04_15_N_N_RESILIENCE_FACE_AUX_CHOCS.do
Q_N_HHN_debut_SKIP,N,N. RESILIENCE FACE AUX CHOCS,HHN_debut,HHN_debut,saut_univers,(HHM_fin!=null && consentement==1),(!missing(HHM_fin) & (!missing(consentement) & (consentement == 1))),translated,"((!missing(HHN_debut) & trim(HHN_debut) != """")) & !((!missing(HHM_fin) & (!missing(consentement) & (consentement == 1)))) & ($audit_scope)",questionnaire,$audit_scope,hypothese_apurement,a_valider,documente_questionnaire,export_excel_diagnostic,04_15_N_N_RESILIENCE_FACE_AUX_CHOCS.do
Q_N_N1_MISSING,N,N. RESILIENCE FACE AUX CHOCS,N1,N1,manquant_univers,(HHM_fin!=null && consentement==1),(!missing(HHM_fin) & (!missing(consentement) & (consentement == 1))),translated,(missing(N1)) & ((!missing(HHM_fin) & (!missing(consentement) & (consentement == 1)))) & ($audit_scope),questionnaire,$audit_scope,hypothese_apurement,a_valider,documente_questionnaire,export_excel_diagnostic,04_15_N_N_RESILIENCE_FACE_AUX_CHOCS.do
Q_N_N1_SKIP,N,N. RESILIENCE FACE AUX CHOCS,N1,N1,saut_univers,(HHM_fin!=null && consentement==1),(!missing(HHM_fin) & (!missing(consentement) & (consentement == 1))),translated,(!missing(N1)) & !((!missing(HHM_fin) & (!missing(consentement) & (consentement == 1)))) & ($audit_scope),questionnaire,$audit_scope,hypothese_apurement,a_valider,documente_questionnaire,export_excel_diagnostic,04_15_N_N_RESILIENCE_FACE_AUX_CHOCS.do
Q_N_N1_DOMAIN,N,N. RESILIENCE FACE AUX CHOCS,N1,N1,domaine,(HHM_fin!=null && consentement==1),(!missing(HHM_fin) & (!missing(consentement) & (consentement == 1))),translated,"!((inlist(N1, 1, 2))) & (!missing(N1)) & ($audit_scope)",questionnaire,$audit_scope,hypothese_apurement,a_valider,documente_questionnaire,export_excel_diagnostic,04_15_N_N_RESILIENCE_FACE_AUX_CHOCS.do
Q_N_N2_MISSING,N,N. RESILIENCE FACE AUX CHOCS,N2,N2,manquant_univers,(HHM_fin!=null && consentement==1) && (N1==1),(!missing(HHM_fin) & (!missing(consentement) & (consentement == 1))) & ((!missing(N1) & (N1 == 1))),translated,(missing(N2)) & ((!missing(HHM_fin) & (!missing(consentement) & (consentement == 1))) & ((!missing(N1) & (N1 == 1)))) & ($audit_scope),questionnaire,$audit_scope,hypothese_apurement,a_valider,documente_questionnaire,export_excel_diagnostic,04_15_N_N_RESILIENCE_FACE_AUX_CHOCS.do
Q_N_N2_SKIP,N,N. RESILIENCE FACE AUX CHOCS,N2,N2,saut_univers,(HHM_fin!=null && consentement==1) && (N1==1),(!missing(HHM_fin) & (!missing(consentement) & (consentement == 1))) & ((!missing(N1) & (N1 == 1))),translated,(!missing(N2)) & !((!missing(HHM_fin) & (!missing(consentement) & (consentement == 1))) & ((!missing(N1) & (N1 == 1)))) & ($audit_scope),questionnaire,$audit_scope,hypothese_apurement,a_valider,documente_questionnaire,export_excel_diagnostic,04_15_N_N_RESILIENCE_FACE_AUX_CHOCS.do
Q_N_N2_DOMAIN,N,N. RESILIENCE FACE AUX CHOCS,N2,N2,domaine,(HHM_fin!=null && consentement==1) && (N1==1),(!missing(HHM_fin) & (!missing(consentement) & (consentement == 1))) & ((!missing(N1) & (N1 == 1))),translated,"!((inlist(N2, 1, 2, 3, 4, 5, 9))) & (!missing(N2)) & ($audit_scope)",questionnaire,$audit_scope,hypothese_apurement,a_valider,documente_questionnaire,export_excel_diagnostic,04_15_N_N_RESILIENCE_FACE_AUX_CHOCS.do
Q_N_N2X_MISSING,N,N. RESILIENCE FACE AUX CHOCS,N2X,N2X,manquant_univers,(HHM_fin!=null && consentement==1) && (N2==9),(!missing(HHM_fin) & (!missing(consentement) & (consentement == 1))) & ((!missing(N2) & (N2 == 9))),translated,"((missing(N2X) | trim(N2X) == """")) & ((!missing(HHM_fin) & (!missing(consentement) & (consentement == 1))) & ((!missing(N2) & (N2 == 9)))) & ($audit_scope)",questionnaire,$audit_scope,hypothese_apurement,a_valider,documente_questionnaire,export_excel_diagnostic,04_15_N_N_RESILIENCE_FACE_AUX_CHOCS.do
Q_N_N2X_SKIP,N,N. RESILIENCE FACE AUX CHOCS,N2X,N2X,saut_univers,(HHM_fin!=null && consentement==1) && (N2==9),(!missing(HHM_fin) & (!missing(consentement) & (consentement == 1))) & ((!missing(N2) & (N2 == 9))),translated,"((!missing(N2X) & trim(N2X) != """")) & !((!missing(HHM_fin) & (!missing(consentement) & (consentement == 1))) & ((!missing(N2) & (N2 == 9)))) & ($audit_scope)",questionnaire,$audit_scope,hypothese_apurement,a_valider,documente_questionnaire,export_excel_diagnostic,04_15_N_N_RESILIENCE_FACE_AUX_CHOCS.do
Q_N_N3_MISSING,N,N. RESILIENCE FACE AUX CHOCS,N3,N3,manquant_univers,(HHM_fin!=null && consentement==1) && (N1==1),(!missing(HHM_fin) & (!missing(consentement) & (consentement == 1))) & ((!missing(N1) & (N1 == 1))),translated,(missing(N3)) & ((!missing(HHM_fin) & (!missing(consentement) & (consentement == 1))) & ((!missing(N1) & (N1 == 1)))) & ($audit_scope),questionnaire,$audit_scope,hypothese_apurement,a_valider,documente_questionnaire,export_excel_diagnostic,04_15_N_N_RESILIENCE_FACE_AUX_CHOCS.do
Q_N_N3_SKIP,N,N. RESILIENCE FACE AUX CHOCS,N3,N3,saut_univers,(HHM_fin!=null && consentement==1) && (N1==1),(!missing(HHM_fin) & (!missing(consentement) & (consentement == 1))) & ((!missing(N1) & (N1 == 1))),translated,(!missing(N3)) & !((!missing(HHM_fin) & (!missing(consentement) & (consentement == 1))) & ((!missing(N1) & (N1 == 1)))) & ($audit_scope),questionnaire,$audit_scope,hypothese_apurement,a_valider,documente_questionnaire,export_excel_diagnostic,04_15_N_N_RESILIENCE_FACE_AUX_CHOCS.do
Q_N_N3_DOMAIN,N,N. RESILIENCE FACE AUX CHOCS,N3,N3,domaine,(HHM_fin!=null && consentement==1) && (N1==1),(!missing(HHM_fin) & (!missing(consentement) & (consentement == 1))) & ((!missing(N1) & (N1 == 1))),translated,"!((inlist(N3, 1, 2, 3, 4))) & (!missing(N3)) & ($audit_scope)",questionnaire,$audit_scope,hypothese_apurement,a_valider,documente_questionnaire,export_excel_diagnostic,04_15_N_N_RESILIENCE_FACE_AUX_CHOCS.do
Q_N_N4_MISSING,N,N. RESILIENCE FACE AUX CHOCS,N4,N4,manquant_univers,(HHM_fin!=null && consentement==1) && (N1==1),(!missing(HHM_fin) & (!missing(consentement) & (consentement == 1))) & ((!missing(N1) & (N1 == 1))),translated,(missing(N4)) & ((!missing(HHM_fin) & (!missing(consentement) & (consentement == 1))) & ((!missing(N1) & (N1 == 1)))) & ($audit_scope),questionnaire,$audit_scope,hypothese_apurement,a_valider,documente_questionnaire,export_excel_diagnostic,04_15_N_N_RESILIENCE_FACE_AUX_CHOCS.do
Q_N_N4_SKIP,N,N. RESILIENCE FACE AUX CHOCS,N4,N4,saut_univers,(HHM_fin!=null && consentement==1) && (N1==1),(!missing(HHM_fin) & (!missing(consentement) & (consentement == 1))) & ((!missing(N1) & (N1 == 1))),translated,(!missing(N4)) & !((!missing(HHM_fin) & (!missing(consentement) & (consentement == 1))) & ((!missing(N1) & (N1 == 1)))) & ($audit_scope),questionnaire,$audit_scope,hypothese_apurement,a_valider,documente_questionnaire,export_excel_diagnostic,04_15_N_N_RESILIENCE_FACE_AUX_CHOCS.do
Q_N_N4_DOMAIN,N,N. RESILIENCE FACE AUX CHOCS,N4,N4,domaine,(HHM_fin!=null && consentement==1) && (N1==1),(!missing(HHM_fin) & (!missing(consentement) & (consentement == 1))) & ((!missing(N1) & (N1 == 1))),translated,"!((inlist(N4, 1, 2, 3, 4, 5, 6, 9))) & (!missing(N4)) & ($audit_scope)",questionnaire,$audit_scope,hypothese_apurement,a_valider,documente_questionnaire,export_excel_diagnostic,04_15_N_N_RESILIENCE_FACE_AUX_CHOCS.do
Q_N_N4X_MISSING,N,N. RESILIENCE FACE AUX CHOCS,N4X,N4X,manquant_univers,(HHM_fin!=null && consentement==1) && (N4==9),(!missing(HHM_fin) & (!missing(consentement) & (consentement == 1))) & ((!missing(N4) & (N4 == 9))),translated,"((missing(N4X) | trim(N4X) == """")) & ((!missing(HHM_fin) & (!missing(consentement) & (consentement == 1))) & ((!missing(N4) & (N4 == 9)))) & ($audit_scope)",questionnaire,$audit_scope,hypothese_apurement,a_valider,documente_questionnaire,export_excel_diagnostic,04_15_N_N_RESILIENCE_FACE_AUX_CHOCS.do
Q_N_N4X_SKIP,N,N. RESILIENCE FACE AUX CHOCS,N4X,N4X,saut_univers,(HHM_fin!=null && consentement==1) && (N4==9),(!missing(HHM_fin) & (!missing(consentement) & (consentement == 1))) & ((!missing(N4) & (N4 == 9))),translated,"((!missing(N4X) & trim(N4X) != """")) & !((!missing(HHM_fin) & (!missing(consentement) & (consentement == 1))) & ((!missing(N4) & (N4 == 9)))) & ($audit_scope)",questionnaire,$audit_scope,hypothese_apurement,a_valider,documente_questionnaire,export_excel_diagnostic,04_15_N_N_RESILIENCE_FACE_AUX_CHOCS.do
Q_N_N5_MISSING,N,N. RESILIENCE FACE AUX CHOCS,N5,N5,manquant_univers,(HHM_fin!=null && consentement==1) && (N1==1),(!missing(HHM_fin) & (!missing(consentement) & (consentement == 1))) & ((!missing(N1) & (N1 == 1))),translated,(missing(N5)) & ((!missing(HHM_fin) & (!missing(consentement) & (consentement == 1))) & ((!missing(N1) & (N1 == 1)))) & ($audit_scope),questionnaire,$audit_scope,hypothese_apurement,a_valider,documente_questionnaire,export_excel_diagnostic,04_15_N_N_RESILIENCE_FACE_AUX_CHOCS.do
Q_N_N5_SKIP,N,N. RESILIENCE FACE AUX CHOCS,N5,N5,saut_univers,(HHM_fin!=null && consentement==1) && (N1==1),(!missing(HHM_fin) & (!missing(consentement) & (consentement == 1))) & ((!missing(N1) & (N1 == 1))),translated,(!missing(N5)) & !((!missing(HHM_fin) & (!missing(consentement) & (consentement == 1))) & ((!missing(N1) & (N1 == 1)))) & ($audit_scope),questionnaire,$audit_scope,hypothese_apurement,a_valider,documente_questionnaire,export_excel_diagnostic,04_15_N_N_RESILIENCE_FACE_AUX_CHOCS.do
Q_N_N5_DOMAIN,N,N. RESILIENCE FACE AUX CHOCS,N5,N5,domaine,(HHM_fin!=null && consentement==1) && (N1==1),(!missing(HHM_fin) & (!missing(consentement) & (consentement == 1))) & ((!missing(N1) & (N1 == 1))),translated,"!((inlist(N5, 1, 2, 3, 4, 5))) & (!missing(N5)) & ($audit_scope)",questionnaire,$audit_scope,hypothese_apurement,a_valider,documente_questionnaire,export_excel_diagnostic,04_15_N_N_RESILIENCE_FACE_AUX_CHOCS.do
Q_N_N6_MISSING,N,N. RESILIENCE FACE AUX CHOCS,N6,N6,manquant_univers,(HHM_fin!=null && consentement==1),(!missing(HHM_fin) & (!missing(consentement) & (consentement == 1))),translated,(missing(N6)) & ((!missing(HHM_fin) & (!missing(consentement) & (consentement == 1)))) & ($audit_scope),questionnaire,$audit_scope,hypothese_apurement,a_valider,documente_questionnaire,export_excel_diagnostic,04_15_N_N_RESILIENCE_FACE_AUX_CHOCS.do
Q_N_N6_SKIP,N,N. RESILIENCE FACE AUX CHOCS,N6,N6,saut_univers,(HHM_fin!=null && consentement==1),(!missing(HHM_fin) & (!missing(consentement) & (consentement == 1))),translated,(!missing(N6)) & !((!missing(HHM_fin) & (!missing(consentement) & (consentement == 1)))) & ($audit_scope),questionnaire,$audit_scope,hypothese_apurement,a_valider,documente_questionnaire,export_excel_diagnostic,04_15_N_N_RESILIENCE_FACE_AUX_CHOCS.do
Q_N_N6_DOMAIN,N,N. RESILIENCE FACE AUX CHOCS,N6,N6,domaine,(HHM_fin!=null && consentement==1),(!missing(HHM_fin) & (!missing(consentement) & (consentement == 1))),translated,"!((inlist(N6, 1, 2, 3))) & (!missing(N6)) & ($audit_scope)",questionnaire,$audit_scope,hypothese_apurement,a_valider,documente_questionnaire,export_excel_diagnostic,04_15_N_N_RESILIENCE_FACE_AUX_CHOCS.do
Q_N_N7_MISSING,N,N. RESILIENCE FACE AUX CHOCS,N7,N7,manquant_univers,(HHM_fin!=null && consentement==1),(!missing(HHM_fin) & (!missing(consentement) & (consentement == 1))),translated,(missing(N7)) & ((!missing(HHM_fin) & (!missing(consentement) & (consentement == 1)))) & ($audit_scope),questionnaire,$audit_scope,hypothese_apurement,a_valider,documente_questionnaire,export_excel_diagnostic,04_15_N_N_RESILIENCE_FACE_AUX_CHOCS.do
Q_N_N7_SKIP,N,N. RESILIENCE FACE AUX CHOCS,N7,N7,saut_univers,(HHM_fin!=null && consentement==1),(!missing(HHM_fin) & (!missing(consentement) & (consentement == 1))),translated,(!missing(N7)) & !((!missing(HHM_fin) & (!missing(consentement) & (consentement == 1)))) & ($audit_scope),questionnaire,$audit_scope,hypothese_apurement,a_valider,documente_questionnaire,export_excel_diagnostic,04_15_N_N_RESILIENCE_FACE_AUX_CHOCS.do
Q_N_N7_DOMAIN,N,N. RESILIENCE FACE AUX CHOCS,N7,N7,domaine,(HHM_fin!=null && consentement==1),(!missing(HHM_fin) & (!missing(consentement) & (consentement == 1))),translated,"!((inlist(N7, 1, 2, 3, 4, 5, 6, 7, 8, 9, 10))) & (!missing(N7)) & ($audit_scope)",questionnaire,$audit_scope,hypothese_apurement,a_valider,documente_questionnaire,export_excel_diagnostic,04_15_N_N_RESILIENCE_FACE_AUX_CHOCS.do
Q_N_HHN_fin_MISSING,N,N. RESILIENCE FACE AUX CHOCS,HHN_fin,HHN_fin,manquant_univers,(HHM_fin!=null && consentement==1),(!missing(HHM_fin) & (!missing(consentement) & (consentement == 1))),translated,"((missing(HHN_fin) | trim(HHN_fin) == """")) & ((!missing(HHM_fin) & (!missing(consentement) & (consentement == 1)))) & ($audit_scope)",questionnaire,$audit_scope,hypothese_apurement,a_valider,documente_questionnaire,export_excel_diagnostic,04_15_N_N_RESILIENCE_FACE_AUX_CHOCS.do
Q_N_HHN_fin_SKIP,N,N. RESILIENCE FACE AUX CHOCS,HHN_fin,HHN_fin,saut_univers,(HHM_fin!=null && consentement==1),(!missing(HHM_fin) & (!missing(consentement) & (consentement == 1))),translated,"((!missing(HHN_fin) & trim(HHN_fin) != """")) & !((!missing(HHM_fin) & (!missing(consentement) & (consentement == 1)))) & ($audit_scope)",questionnaire,$audit_scope,hypothese_apurement,a_valider,documente_questionnaire,export_excel_diagnostic,04_15_N_N_RESILIENCE_FACE_AUX_CHOCS.do
Q_O_HHO_debut_MISSING,O,O. EXPERIENCE PROFESSIONNELLE ET FORMATIONS,HHO_debut,HHO_debut,manquant_univers,(HHN_fin!=null && consentement==1),(!missing(HHN_fin) & (!missing(consentement) & (consentement == 1))),translated,"((missing(HHO_debut) | trim(HHO_debut) == """")) & ((!missing(HHN_fin) & (!missing(consentement) & (consentement == 1)))) & ($audit_scope)",questionnaire,$audit_scope,hypothese_apurement,a_valider,documente_questionnaire,export_excel_diagnostic,04_16_O_O_EXPERIENCE_PROFESSIONNELLE_ET_FORMATIONS.do
Q_O_HHO_debut_SKIP,O,O. EXPERIENCE PROFESSIONNELLE ET FORMATIONS,HHO_debut,HHO_debut,saut_univers,(HHN_fin!=null && consentement==1),(!missing(HHN_fin) & (!missing(consentement) & (consentement == 1))),translated,"((!missing(HHO_debut) & trim(HHO_debut) != """")) & !((!missing(HHN_fin) & (!missing(consentement) & (consentement == 1)))) & ($audit_scope)",questionnaire,$audit_scope,hypothese_apurement,a_valider,documente_questionnaire,export_excel_diagnostic,04_16_O_O_EXPERIENCE_PROFESSIONNELLE_ET_FORMATIONS.do
Q_O_O1_MISSING,O,O. EXPERIENCE PROFESSIONNELLE ET FORMATIONS,O1,O1,manquant_univers,(HHN_fin!=null && consentement==1) && (HHO_debut!=null),(!missing(HHN_fin) & (!missing(consentement) & (consentement == 1))) & (!missing(HHO_debut)),translated,(missing(O1)) & ((!missing(HHN_fin) & (!missing(consentement) & (consentement == 1))) & (!missing(HHO_debut))) & ($audit_scope),questionnaire,$audit_scope,hypothese_apurement,a_valider,documente_questionnaire,export_excel_diagnostic,04_16_O_O_EXPERIENCE_PROFESSIONNELLE_ET_FORMATIONS.do
Q_O_O1_SKIP,O,O. EXPERIENCE PROFESSIONNELLE ET FORMATIONS,O1,O1,saut_univers,(HHN_fin!=null && consentement==1) && (HHO_debut!=null),(!missing(HHN_fin) & (!missing(consentement) & (consentement == 1))) & (!missing(HHO_debut)),translated,(!missing(O1)) & !((!missing(HHN_fin) & (!missing(consentement) & (consentement == 1))) & (!missing(HHO_debut))) & ($audit_scope),questionnaire,$audit_scope,hypothese_apurement,a_valider,documente_questionnaire,export_excel_diagnostic,04_16_O_O_EXPERIENCE_PROFESSIONNELLE_ET_FORMATIONS.do
Q_O_O1_DOMAIN,O,O. EXPERIENCE PROFESSIONNELLE ET FORMATIONS,O1,O1,domaine,(HHN_fin!=null && consentement==1) && (HHO_debut!=null),(!missing(HHN_fin) & (!missing(consentement) & (consentement == 1))) & (!missing(HHO_debut)),translated,"!((inlist(O1, 1, 2))) & (!missing(O1)) & ($audit_scope)",questionnaire,$audit_scope,hypothese_apurement,a_valider,documente_questionnaire,export_excel_diagnostic,04_16_O_O_EXPERIENCE_PROFESSIONNELLE_ET_FORMATIONS.do
Q_O_O2_MISSING,O,O. EXPERIENCE PROFESSIONNELLE ET FORMATIONS,O2,O2,manquant_univers,(HHN_fin!=null && consentement==1) && (O1==1),(!missing(HHN_fin) & (!missing(consentement) & (consentement == 1))) & ((!missing(O1) & (O1 == 1))),translated,(missing(O2)) & ((!missing(HHN_fin) & (!missing(consentement) & (consentement == 1))) & ((!missing(O1) & (O1 == 1)))) & ($audit_scope),questionnaire,$audit_scope,hypothese_apurement,a_valider,documente_questionnaire,export_excel_diagnostic,04_16_O_O_EXPERIENCE_PROFESSIONNELLE_ET_FORMATIONS.do
Q_O_O2_SKIP,O,O. EXPERIENCE PROFESSIONNELLE ET FORMATIONS,O2,O2,saut_univers,(HHN_fin!=null && consentement==1) && (O1==1),(!missing(HHN_fin) & (!missing(consentement) & (consentement == 1))) & ((!missing(O1) & (O1 == 1))),translated,(!missing(O2)) & !((!missing(HHN_fin) & (!missing(consentement) & (consentement == 1))) & ((!missing(O1) & (O1 == 1)))) & ($audit_scope),questionnaire,$audit_scope,hypothese_apurement,a_valider,documente_questionnaire,export_excel_diagnostic,04_16_O_O_EXPERIENCE_PROFESSIONNELLE_ET_FORMATIONS.do
Q_O_O3_MISSING,O,O. EXPERIENCE PROFESSIONNELLE ET FORMATIONS,O3,O3,manquant_univers,(HHN_fin!=null && consentement==1),(!missing(HHN_fin) & (!missing(consentement) & (consentement == 1))),translated,(missing(O3)) & ((!missing(HHN_fin) & (!missing(consentement) & (consentement == 1)))) & ($audit_scope),questionnaire,$audit_scope,hypothese_apurement,a_valider,documente_questionnaire,export_excel_diagnostic,04_16_O_O_EXPERIENCE_PROFESSIONNELLE_ET_FORMATIONS.do
Q_O_O3_SKIP,O,O. EXPERIENCE PROFESSIONNELLE ET FORMATIONS,O3,O3,saut_univers,(HHN_fin!=null && consentement==1),(!missing(HHN_fin) & (!missing(consentement) & (consentement == 1))),translated,(!missing(O3)) & !((!missing(HHN_fin) & (!missing(consentement) & (consentement == 1)))) & ($audit_scope),questionnaire,$audit_scope,hypothese_apurement,a_valider,documente_questionnaire,export_excel_diagnostic,04_16_O_O_EXPERIENCE_PROFESSIONNELLE_ET_FORMATIONS.do
Q_O_O3_DOMAIN,O,O. EXPERIENCE PROFESSIONNELLE ET FORMATIONS,O3,O3,domaine,(HHN_fin!=null && consentement==1),(!missing(HHN_fin) & (!missing(consentement) & (consentement == 1))),translated,"!((inlist(O3, 1, 2))) & (!missing(O3)) & ($audit_scope)",questionnaire,$audit_scope,hypothese_apurement,a_valider,documente_questionnaire,export_excel_diagnostic,04_16_O_O_EXPERIENCE_PROFESSIONNELLE_ET_FORMATIONS.do
Q_O_O4_MISSING,O,O. EXPERIENCE PROFESSIONNELLE ET FORMATIONS,O4,O4,manquant_univers,(HHN_fin!=null && consentement==1) && (O3==1),(!missing(HHN_fin) & (!missing(consentement) & (consentement == 1))) & ((!missing(O3) & (O3 == 1))),translated,"((missing(O4) | trim(O4) == """")) & ((!missing(HHN_fin) & (!missing(consentement) & (consentement == 1))) & ((!missing(O3) & (O3 == 1)))) & ($audit_scope)",questionnaire,$audit_scope,hypothese_apurement,a_valider,documente_questionnaire,export_excel_diagnostic,04_16_O_O_EXPERIENCE_PROFESSIONNELLE_ET_FORMATIONS.do
Q_O_O4_SKIP,O,O. EXPERIENCE PROFESSIONNELLE ET FORMATIONS,O4,O4,saut_univers,(HHN_fin!=null && consentement==1) && (O3==1),(!missing(HHN_fin) & (!missing(consentement) & (consentement == 1))) & ((!missing(O3) & (O3 == 1))),translated,"((!missing(O4) & trim(O4) != """")) & !((!missing(HHN_fin) & (!missing(consentement) & (consentement == 1))) & ((!missing(O3) & (O3 == 1)))) & ($audit_scope)",questionnaire,$audit_scope,hypothese_apurement,a_valider,documente_questionnaire,export_excel_diagnostic,04_16_O_O_EXPERIENCE_PROFESSIONNELLE_ET_FORMATIONS.do
Q_O_O5_MISSING,O,O. EXPERIENCE PROFESSIONNELLE ET FORMATIONS,O5,O5,manquant_univers,(HHN_fin!=null && consentement==1) && (O3==1),(!missing(HHN_fin) & (!missing(consentement) & (consentement == 1))) & ((!missing(O3) & (O3 == 1))),translated,(missing(O5)) & ((!missing(HHN_fin) & (!missing(consentement) & (consentement == 1))) & ((!missing(O3) & (O3 == 1)))) & ($audit_scope),questionnaire,$audit_scope,hypothese_apurement,a_valider,documente_questionnaire,export_excel_diagnostic,04_16_O_O_EXPERIENCE_PROFESSIONNELLE_ET_FORMATIONS.do
Q_O_O5_SKIP,O,O. EXPERIENCE PROFESSIONNELLE ET FORMATIONS,O5,O5,saut_univers,(HHN_fin!=null && consentement==1) && (O3==1),(!missing(HHN_fin) & (!missing(consentement) & (consentement == 1))) & ((!missing(O3) & (O3 == 1))),translated,(!missing(O5)) & !((!missing(HHN_fin) & (!missing(consentement) & (consentement == 1))) & ((!missing(O3) & (O3 == 1)))) & ($audit_scope),questionnaire,$audit_scope,hypothese_apurement,a_valider,documente_questionnaire,export_excel_diagnostic,04_16_O_O_EXPERIENCE_PROFESSIONNELLE_ET_FORMATIONS.do
Q_O_O5_DOMAIN,O,O. EXPERIENCE PROFESSIONNELLE ET FORMATIONS,O5,O5,domaine,(HHN_fin!=null && consentement==1) && (O3==1),(!missing(HHN_fin) & (!missing(consentement) & (consentement == 1))) & ((!missing(O3) & (O3 == 1))),translated,"!((inlist(O5, 1, 2, 3, 4, 5, 6, 9))) & (!missing(O5)) & ($audit_scope)",questionnaire,$audit_scope,hypothese_apurement,a_valider,documente_questionnaire,export_excel_diagnostic,04_16_O_O_EXPERIENCE_PROFESSIONNELLE_ET_FORMATIONS.do
Q_O_O6_MISSING,O,O. EXPERIENCE PROFESSIONNELLE ET FORMATIONS,O6,O6,manquant_univers,(HHN_fin!=null && consentement==1) && (O3==1),(!missing(HHN_fin) & (!missing(consentement) & (consentement == 1))) & ((!missing(O3) & (O3 == 1))),translated,(missing(O6)) & ((!missing(HHN_fin) & (!missing(consentement) & (consentement == 1))) & ((!missing(O3) & (O3 == 1)))) & ($audit_scope),questionnaire,$audit_scope,hypothese_apurement,a_valider,documente_questionnaire,export_excel_diagnostic,04_16_O_O_EXPERIENCE_PROFESSIONNELLE_ET_FORMATIONS.do
Q_O_O6_SKIP,O,O. EXPERIENCE PROFESSIONNELLE ET FORMATIONS,O6,O6,saut_univers,(HHN_fin!=null && consentement==1) && (O3==1),(!missing(HHN_fin) & (!missing(consentement) & (consentement == 1))) & ((!missing(O3) & (O3 == 1))),translated,(!missing(O6)) & !((!missing(HHN_fin) & (!missing(consentement) & (consentement == 1))) & ((!missing(O3) & (O3 == 1)))) & ($audit_scope),questionnaire,$audit_scope,hypothese_apurement,a_valider,documente_questionnaire,export_excel_diagnostic,04_16_O_O_EXPERIENCE_PROFESSIONNELLE_ET_FORMATIONS.do
Q_O_O6_DOMAIN,O,O. EXPERIENCE PROFESSIONNELLE ET FORMATIONS,O6,O6,domaine,(HHN_fin!=null && consentement==1) && (O3==1),(!missing(HHN_fin) & (!missing(consentement) & (consentement == 1))) & ((!missing(O3) & (O3 == 1))),translated,"!((inlist(O6, 1, 2, 3))) & (!missing(O6)) & ($audit_scope)",questionnaire,$audit_scope,hypothese_apurement,a_valider,documente_questionnaire,export_excel_diagnostic,04_16_O_O_EXPERIENCE_PROFESSIONNELLE_ET_FORMATIONS.do
Q_O_HHO_fin_MISSING,O,O. EXPERIENCE PROFESSIONNELLE ET FORMATIONS,HHO_fin,HHO_fin,manquant_univers,(HHN_fin!=null && consentement==1),(!missing(HHN_fin) & (!missing(consentement) & (consentement == 1))),translated,"((missing(HHO_fin) | trim(HHO_fin) == """")) & ((!missing(HHN_fin) & (!missing(consentement) & (consentement == 1)))) & ($audit_scope)",questionnaire,$audit_scope,hypothese_apurement,a_valider,documente_questionnaire,export_excel_diagnostic,04_16_O_O_EXPERIENCE_PROFESSIONNELLE_ET_FORMATIONS.do
Q_O_HHO_fin_SKIP,O,O. EXPERIENCE PROFESSIONNELLE ET FORMATIONS,HHO_fin,HHO_fin,saut_univers,(HHN_fin!=null && consentement==1),(!missing(HHN_fin) & (!missing(consentement) & (consentement == 1))),translated,"((!missing(HHO_fin) & trim(HHO_fin) != """")) & !((!missing(HHN_fin) & (!missing(consentement) & (consentement == 1)))) & ($audit_scope)",questionnaire,$audit_scope,hypothese_apurement,a_valider,documente_questionnaire,export_excel_diagnostic,04_16_O_O_EXPERIENCE_PROFESSIONNELLE_ET_FORMATIONS.do
Q_P_HHP_debut_MISSING,P,P. ASPIRATIONS PROFESSIONNELLES,HHP_debut,HHP_debut,manquant_univers,(HHO_fin!=null && consentement==1),(!missing(HHO_fin) & (!missing(consentement) & (consentement == 1))),translated,"((missing(HHP_debut) | trim(HHP_debut) == """")) & ((!missing(HHO_fin) & (!missing(consentement) & (consentement == 1)))) & ($audit_scope)",questionnaire,$audit_scope,hypothese_apurement,a_valider,documente_questionnaire,export_excel_diagnostic,04_17_P_P_ASPIRATIONS_PROFESSIONNELLES.do
Q_P_HHP_debut_SKIP,P,P. ASPIRATIONS PROFESSIONNELLES,HHP_debut,HHP_debut,saut_univers,(HHO_fin!=null && consentement==1),(!missing(HHO_fin) & (!missing(consentement) & (consentement == 1))),translated,"((!missing(HHP_debut) & trim(HHP_debut) != """")) & !((!missing(HHO_fin) & (!missing(consentement) & (consentement == 1)))) & ($audit_scope)",questionnaire,$audit_scope,hypothese_apurement,a_valider,documente_questionnaire,export_excel_diagnostic,04_17_P_P_ASPIRATIONS_PROFESSIONNELLES.do
Q_P_P1_MISSING,P,P. ASPIRATIONS PROFESSIONNELLES,P1,P1,manquant_univers,(HHO_fin!=null && consentement==1),(!missing(HHO_fin) & (!missing(consentement) & (consentement == 1))),translated,"((missing(P1) | trim(P1) == """")) & ((!missing(HHO_fin) & (!missing(consentement) & (consentement == 1)))) & ($audit_scope)",questionnaire,$audit_scope,hypothese_apurement,a_valider,documente_questionnaire,export_excel_diagnostic,04_17_P_P_ASPIRATIONS_PROFESSIONNELLES.do
Q_P_P1_SKIP,P,P. ASPIRATIONS PROFESSIONNELLES,P1,P1,saut_univers,(HHO_fin!=null && consentement==1),(!missing(HHO_fin) & (!missing(consentement) & (consentement == 1))),translated,"((!missing(P1) & trim(P1) != """")) & !((!missing(HHO_fin) & (!missing(consentement) & (consentement == 1)))) & ($audit_scope)",questionnaire,$audit_scope,hypothese_apurement,a_valider,documente_questionnaire,export_excel_diagnostic,04_17_P_P_ASPIRATIONS_PROFESSIONNELLES.do
Q_P_P2_MISSING,P,P. ASPIRATIONS PROFESSIONNELLES,P2,P2,manquant_univers,(HHO_fin!=null && consentement==1),(!missing(HHO_fin) & (!missing(consentement) & (consentement == 1))),translated,(missing(P2)) & ((!missing(HHO_fin) & (!missing(consentement) & (consentement == 1)))) & ($audit_scope),questionnaire,$audit_scope,hypothese_apurement,a_valider,documente_questionnaire,export_excel_diagnostic,04_17_P_P_ASPIRATIONS_PROFESSIONNELLES.do
Q_P_P2_SKIP,P,P. ASPIRATIONS PROFESSIONNELLES,P2,P2,saut_univers,(HHO_fin!=null && consentement==1),(!missing(HHO_fin) & (!missing(consentement) & (consentement == 1))),translated,(!missing(P2)) & !((!missing(HHO_fin) & (!missing(consentement) & (consentement == 1)))) & ($audit_scope),questionnaire,$audit_scope,hypothese_apurement,a_valider,documente_questionnaire,export_excel_diagnostic,04_17_P_P_ASPIRATIONS_PROFESSIONNELLES.do
Q_P_P2_DOMAIN,P,P. ASPIRATIONS PROFESSIONNELLES,P2,P2,domaine,(HHO_fin!=null && consentement==1),(!missing(HHO_fin) & (!missing(consentement) & (consentement == 1))),translated,"!((inlist(P2, 1, 2, 3))) & (!missing(P2)) & ($audit_scope)",questionnaire,$audit_scope,hypothese_apurement,a_valider,documente_questionnaire,export_excel_diagnostic,04_17_P_P_ASPIRATIONS_PROFESSIONNELLES.do
Q_P_P3_MISSING,P,P. ASPIRATIONS PROFESSIONNELLES,P3,P3,manquant_univers,(HHO_fin!=null && consentement==1),(!missing(HHO_fin) & (!missing(consentement) & (consentement == 1))),translated,(missing(P3)) & ((!missing(HHO_fin) & (!missing(consentement) & (consentement == 1)))) & ($audit_scope),questionnaire,$audit_scope,hypothese_apurement,a_valider,documente_questionnaire,export_excel_diagnostic,04_17_P_P_ASPIRATIONS_PROFESSIONNELLES.do
Q_P_P3_SKIP,P,P. ASPIRATIONS PROFESSIONNELLES,P3,P3,saut_univers,(HHO_fin!=null && consentement==1),(!missing(HHO_fin) & (!missing(consentement) & (consentement == 1))),translated,(!missing(P3)) & !((!missing(HHO_fin) & (!missing(consentement) & (consentement == 1)))) & ($audit_scope),questionnaire,$audit_scope,hypothese_apurement,a_valider,documente_questionnaire,export_excel_diagnostic,04_17_P_P_ASPIRATIONS_PROFESSIONNELLES.do
Q_P_P4_MISSING,P,P. ASPIRATIONS PROFESSIONNELLES,P4,P4,manquant_univers,(HHO_fin!=null && consentement==1),(!missing(HHO_fin) & (!missing(consentement) & (consentement == 1))),translated,(missing(P4)) & ((!missing(HHO_fin) & (!missing(consentement) & (consentement == 1)))) & ($audit_scope),questionnaire,$audit_scope,hypothese_apurement,a_valider,documente_questionnaire,export_excel_diagnostic,04_17_P_P_ASPIRATIONS_PROFESSIONNELLES.do
Q_P_P4_SKIP,P,P. ASPIRATIONS PROFESSIONNELLES,P4,P4,saut_univers,(HHO_fin!=null && consentement==1),(!missing(HHO_fin) & (!missing(consentement) & (consentement == 1))),translated,(!missing(P4)) & !((!missing(HHO_fin) & (!missing(consentement) & (consentement == 1)))) & ($audit_scope),questionnaire,$audit_scope,hypothese_apurement,a_valider,documente_questionnaire,export_excel_diagnostic,04_17_P_P_ASPIRATIONS_PROFESSIONNELLES.do
Q_P_P4_DOMAIN,P,P. ASPIRATIONS PROFESSIONNELLES,P4,P4,domaine,(HHO_fin!=null && consentement==1),(!missing(HHO_fin) & (!missing(consentement) & (consentement == 1))),translated,"!((inlist(P4, 1, 2, 3, 4, 5, 6, 7, 8, 9, 10) | inlist(P4, 11, 12, 13, 14, 99))) & (!missing(P4)) & ($audit_scope)",questionnaire,$audit_scope,hypothese_apurement,a_valider,documente_questionnaire,export_excel_diagnostic,04_17_P_P_ASPIRATIONS_PROFESSIONNELLES.do
Q_P_P44X_MISSING,P,P. ASPIRATIONS PROFESSIONNELLES,P44X,P44X,manquant_univers,(HHO_fin!=null && consentement==1) && (P4==99),(!missing(HHO_fin) & (!missing(consentement) & (consentement == 1))) & ((!missing(P4) & (P4 == 99))),translated,"((missing(P44X) | trim(P44X) == """")) & ((!missing(HHO_fin) & (!missing(consentement) & (consentement == 1))) & ((!missing(P4) & (P4 == 99)))) & ($audit_scope)",questionnaire,$audit_scope,hypothese_apurement,a_valider,documente_questionnaire,export_excel_diagnostic,04_17_P_P_ASPIRATIONS_PROFESSIONNELLES.do
Q_P_P44X_SKIP,P,P. ASPIRATIONS PROFESSIONNELLES,P44X,P44X,saut_univers,(HHO_fin!=null && consentement==1) && (P4==99),(!missing(HHO_fin) & (!missing(consentement) & (consentement == 1))) & ((!missing(P4) & (P4 == 99))),translated,"((!missing(P44X) & trim(P44X) != """")) & !((!missing(HHO_fin) & (!missing(consentement) & (consentement == 1))) & ((!missing(P4) & (P4 == 99)))) & ($audit_scope)",questionnaire,$audit_scope,hypothese_apurement,a_valider,documente_questionnaire,export_excel_diagnostic,04_17_P_P_ASPIRATIONS_PROFESSIONNELLES.do
Q_P_P5_MISSING,P,P. ASPIRATIONS PROFESSIONNELLES,P5,P5,manquant_univers,(HHO_fin!=null && consentement==1),(!missing(HHO_fin) & (!missing(consentement) & (consentement == 1))),translated,"((missing(P5) | trim(P5) == """")) & ((!missing(HHO_fin) & (!missing(consentement) & (consentement == 1)))) & ($audit_scope)",questionnaire,$audit_scope,hypothese_apurement,a_valider,documente_questionnaire,export_excel_diagnostic,04_17_P_P_ASPIRATIONS_PROFESSIONNELLES.do
Q_P_P5_SKIP,P,P. ASPIRATIONS PROFESSIONNELLES,P5,P5,saut_univers,(HHO_fin!=null && consentement==1),(!missing(HHO_fin) & (!missing(consentement) & (consentement == 1))),translated,"((!missing(P5) & trim(P5) != """")) & !((!missing(HHO_fin) & (!missing(consentement) & (consentement == 1)))) & ($audit_scope)",questionnaire,$audit_scope,hypothese_apurement,a_valider,documente_questionnaire,export_excel_diagnostic,04_17_P_P_ASPIRATIONS_PROFESSIONNELLES.do
Q_P_HHP_fin_MISSING,P,P. ASPIRATIONS PROFESSIONNELLES,HHP_fin,HHP_fin,manquant_univers,(HHO_fin!=null && consentement==1),(!missing(HHO_fin) & (!missing(consentement) & (consentement == 1))),translated,"((missing(HHP_fin) | trim(HHP_fin) == """")) & ((!missing(HHO_fin) & (!missing(consentement) & (consentement == 1)))) & ($audit_scope)",questionnaire,$audit_scope,hypothese_apurement,a_valider,documente_questionnaire,export_excel_diagnostic,04_17_P_P_ASPIRATIONS_PROFESSIONNELLES.do
Q_P_HHP_fin_SKIP,P,P. ASPIRATIONS PROFESSIONNELLES,HHP_fin,HHP_fin,saut_univers,(HHO_fin!=null && consentement==1),(!missing(HHO_fin) & (!missing(consentement) & (consentement == 1))),translated,"((!missing(HHP_fin) & trim(HHP_fin) != """")) & !((!missing(HHO_fin) & (!missing(consentement) & (consentement == 1)))) & ($audit_scope)",questionnaire,$audit_scope,hypothese_apurement,a_valider,documente_questionnaire,export_excel_diagnostic,04_17_P_P_ASPIRATIONS_PROFESSIONNELLES.do
Q_Q_HHQ_debut_MISSING,Q,Q.COHESION SOCIALE ET ENGAGEMENT,HHQ_debut,HHQ_debut,manquant_univers,(HHP_fin!=null && consentement==1),(!missing(HHP_fin) & (!missing(consentement) & (consentement == 1))),translated,"((missing(HHQ_debut) | trim(HHQ_debut) == """")) & ((!missing(HHP_fin) & (!missing(consentement) & (consentement == 1)))) & ($audit_scope)",questionnaire,$audit_scope,hypothese_apurement,a_valider,documente_questionnaire,export_excel_diagnostic,04_18_Q_Q_COHESION_SOCIALE_ET_ENGAGEMENT.do
Q_Q_HHQ_debut_SKIP,Q,Q.COHESION SOCIALE ET ENGAGEMENT,HHQ_debut,HHQ_debut,saut_univers,(HHP_fin!=null && consentement==1),(!missing(HHP_fin) & (!missing(consentement) & (consentement == 1))),translated,"((!missing(HHQ_debut) & trim(HHQ_debut) != """")) & !((!missing(HHP_fin) & (!missing(consentement) & (consentement == 1)))) & ($audit_scope)",questionnaire,$audit_scope,hypothese_apurement,a_valider,documente_questionnaire,export_excel_diagnostic,04_18_Q_Q_COHESION_SOCIALE_ET_ENGAGEMENT.do
Q_Q_Q1_MISSING,Q,Q.COHESION SOCIALE ET ENGAGEMENT,Q1,Q1,manquant_univers,(HHP_fin!=null && consentement==1),(!missing(HHP_fin) & (!missing(consentement) & (consentement == 1))),translated,(missing(Q1)) & ((!missing(HHP_fin) & (!missing(consentement) & (consentement == 1)))) & ($audit_scope),questionnaire,$audit_scope,hypothese_apurement,a_valider,documente_questionnaire,export_excel_diagnostic,04_18_Q_Q_COHESION_SOCIALE_ET_ENGAGEMENT.do
Q_Q_Q1_SKIP,Q,Q.COHESION SOCIALE ET ENGAGEMENT,Q1,Q1,saut_univers,(HHP_fin!=null && consentement==1),(!missing(HHP_fin) & (!missing(consentement) & (consentement == 1))),translated,(!missing(Q1)) & !((!missing(HHP_fin) & (!missing(consentement) & (consentement == 1)))) & ($audit_scope),questionnaire,$audit_scope,hypothese_apurement,a_valider,documente_questionnaire,export_excel_diagnostic,04_18_Q_Q_COHESION_SOCIALE_ET_ENGAGEMENT.do
Q_Q_Q1_DOMAIN,Q,Q.COHESION SOCIALE ET ENGAGEMENT,Q1,Q1,domaine,(HHP_fin!=null && consentement==1),(!missing(HHP_fin) & (!missing(consentement) & (consentement == 1))),translated,"!((inlist(Q1, 1, 2))) & (!missing(Q1)) & ($audit_scope)",questionnaire,$audit_scope,hypothese_apurement,a_valider,documente_questionnaire,export_excel_diagnostic,04_18_Q_Q_COHESION_SOCIALE_ET_ENGAGEMENT.do
Q_Q_Q2_MISSING,Q,Q.COHESION SOCIALE ET ENGAGEMENT,Q2,Q2,manquant_univers,(HHP_fin!=null && consentement==1),(!missing(HHP_fin) & (!missing(consentement) & (consentement == 1))),translated,"((missing(Q2) | trim(Q2) == """")) & ((!missing(HHP_fin) & (!missing(consentement) & (consentement == 1)))) & ($audit_scope)",questionnaire,$audit_scope,hypothese_apurement,a_valider,documente_questionnaire,export_excel_diagnostic,04_18_Q_Q_COHESION_SOCIALE_ET_ENGAGEMENT.do
Q_Q_Q2_SKIP,Q,Q.COHESION SOCIALE ET ENGAGEMENT,Q2,Q2,saut_univers,(HHP_fin!=null && consentement==1),(!missing(HHP_fin) & (!missing(consentement) & (consentement == 1))),translated,"((!missing(Q2) & trim(Q2) != """")) & !((!missing(HHP_fin) & (!missing(consentement) & (consentement == 1)))) & ($audit_scope)",questionnaire,$audit_scope,hypothese_apurement,a_valider,documente_questionnaire,export_excel_diagnostic,04_18_Q_Q_COHESION_SOCIALE_ET_ENGAGEMENT.do
Q_Q_Q3_MISSING,Q,Q.COHESION SOCIALE ET ENGAGEMENT,Q3,Q3,manquant_univers,(HHP_fin!=null && consentement==1),(!missing(HHP_fin) & (!missing(consentement) & (consentement == 1))),translated,(missing(Q3)) & ((!missing(HHP_fin) & (!missing(consentement) & (consentement == 1)))) & ($audit_scope),questionnaire,$audit_scope,hypothese_apurement,a_valider,documente_questionnaire,export_excel_diagnostic,04_18_Q_Q_COHESION_SOCIALE_ET_ENGAGEMENT.do
Q_Q_Q3_SKIP,Q,Q.COHESION SOCIALE ET ENGAGEMENT,Q3,Q3,saut_univers,(HHP_fin!=null && consentement==1),(!missing(HHP_fin) & (!missing(consentement) & (consentement == 1))),translated,(!missing(Q3)) & !((!missing(HHP_fin) & (!missing(consentement) & (consentement == 1)))) & ($audit_scope),questionnaire,$audit_scope,hypothese_apurement,a_valider,documente_questionnaire,export_excel_diagnostic,04_18_Q_Q_COHESION_SOCIALE_ET_ENGAGEMENT.do
Q_Q_Q3_DOMAIN,Q,Q.COHESION SOCIALE ET ENGAGEMENT,Q3,Q3,domaine,(HHP_fin!=null && consentement==1),(!missing(HHP_fin) & (!missing(consentement) & (consentement == 1))),translated,"!((inlist(Q3, 1, 2))) & (!missing(Q3)) & ($audit_scope)",questionnaire,$audit_scope,hypothese_apurement,a_valider,documente_questionnaire,export_excel_diagnostic,04_18_Q_Q_COHESION_SOCIALE_ET_ENGAGEMENT.do
Q_Q_Q4_MISSING,Q,Q.COHESION SOCIALE ET ENGAGEMENT,Q4,Q4,manquant_univers,(HHP_fin!=null && consentement==1),(!missing(HHP_fin) & (!missing(consentement) & (consentement == 1))),translated,(missing(Q4)) & ((!missing(HHP_fin) & (!missing(consentement) & (consentement == 1)))) & ($audit_scope),questionnaire,$audit_scope,hypothese_apurement,a_valider,documente_questionnaire,export_excel_diagnostic,04_18_Q_Q_COHESION_SOCIALE_ET_ENGAGEMENT.do
Q_Q_Q4_SKIP,Q,Q.COHESION SOCIALE ET ENGAGEMENT,Q4,Q4,saut_univers,(HHP_fin!=null && consentement==1),(!missing(HHP_fin) & (!missing(consentement) & (consentement == 1))),translated,(!missing(Q4)) & !((!missing(HHP_fin) & (!missing(consentement) & (consentement == 1)))) & ($audit_scope),questionnaire,$audit_scope,hypothese_apurement,a_valider,documente_questionnaire,export_excel_diagnostic,04_18_Q_Q_COHESION_SOCIALE_ET_ENGAGEMENT.do
Q_Q_Q4_DOMAIN,Q,Q.COHESION SOCIALE ET ENGAGEMENT,Q4,Q4,domaine,(HHP_fin!=null && consentement==1),(!missing(HHP_fin) & (!missing(consentement) & (consentement == 1))),translated,"!((inlist(Q4, 1, 2, 3, 4, 9))) & (!missing(Q4)) & ($audit_scope)",questionnaire,$audit_scope,hypothese_apurement,a_valider,documente_questionnaire,export_excel_diagnostic,04_18_Q_Q_COHESION_SOCIALE_ET_ENGAGEMENT.do
Q_Q_Q5_MISSING,Q,Q.COHESION SOCIALE ET ENGAGEMENT,Q5,Q5,manquant_univers,(HHP_fin!=null && consentement==1),(!missing(HHP_fin) & (!missing(consentement) & (consentement == 1))),translated,(missing(Q5)) & ((!missing(HHP_fin) & (!missing(consentement) & (consentement == 1)))) & ($audit_scope),questionnaire,$audit_scope,hypothese_apurement,a_valider,documente_questionnaire,export_excel_diagnostic,04_18_Q_Q_COHESION_SOCIALE_ET_ENGAGEMENT.do
Q_Q_Q5_SKIP,Q,Q.COHESION SOCIALE ET ENGAGEMENT,Q5,Q5,saut_univers,(HHP_fin!=null && consentement==1),(!missing(HHP_fin) & (!missing(consentement) & (consentement == 1))),translated,(!missing(Q5)) & !((!missing(HHP_fin) & (!missing(consentement) & (consentement == 1)))) & ($audit_scope),questionnaire,$audit_scope,hypothese_apurement,a_valider,documente_questionnaire,export_excel_diagnostic,04_18_Q_Q_COHESION_SOCIALE_ET_ENGAGEMENT.do
Q_Q_Q5_DOMAIN,Q,Q.COHESION SOCIALE ET ENGAGEMENT,Q5,Q5,domaine,(HHP_fin!=null && consentement==1),(!missing(HHP_fin) & (!missing(consentement) & (consentement == 1))),translated,"!((inlist(Q5, 1, 2, 3, 4, 9))) & (!missing(Q5)) & ($audit_scope)",questionnaire,$audit_scope,hypothese_apurement,a_valider,documente_questionnaire,export_excel_diagnostic,04_18_Q_Q_COHESION_SOCIALE_ET_ENGAGEMENT.do
Q_Q_Q6_MISSING,Q,Q.COHESION SOCIALE ET ENGAGEMENT,Q6,Q6,manquant_univers,(HHP_fin!=null && consentement==1),(!missing(HHP_fin) & (!missing(consentement) & (consentement == 1))),translated,(missing(Q6)) & ((!missing(HHP_fin) & (!missing(consentement) & (consentement == 1)))) & ($audit_scope),questionnaire,$audit_scope,hypothese_apurement,a_valider,documente_questionnaire,export_excel_diagnostic,04_18_Q_Q_COHESION_SOCIALE_ET_ENGAGEMENT.do
Q_Q_Q6_SKIP,Q,Q.COHESION SOCIALE ET ENGAGEMENT,Q6,Q6,saut_univers,(HHP_fin!=null && consentement==1),(!missing(HHP_fin) & (!missing(consentement) & (consentement == 1))),translated,(!missing(Q6)) & !((!missing(HHP_fin) & (!missing(consentement) & (consentement == 1)))) & ($audit_scope),questionnaire,$audit_scope,hypothese_apurement,a_valider,documente_questionnaire,export_excel_diagnostic,04_18_Q_Q_COHESION_SOCIALE_ET_ENGAGEMENT.do
Q_Q_Q6_DOMAIN,Q,Q.COHESION SOCIALE ET ENGAGEMENT,Q6,Q6,domaine,(HHP_fin!=null && consentement==1),(!missing(HHP_fin) & (!missing(consentement) & (consentement == 1))),translated,"!((inlist(Q6, 1, 2, 3, 4, 9))) & (!missing(Q6)) & ($audit_scope)",questionnaire,$audit_scope,hypothese_apurement,a_valider,documente_questionnaire,export_excel_diagnostic,04_18_Q_Q_COHESION_SOCIALE_ET_ENGAGEMENT.do
Q_Q_Q7_MISSING,Q,Q.COHESION SOCIALE ET ENGAGEMENT,Q7,Q7,manquant_univers,(HHP_fin!=null && consentement==1),(!missing(HHP_fin) & (!missing(consentement) & (consentement == 1))),translated,(missing(Q7)) & ((!missing(HHP_fin) & (!missing(consentement) & (consentement == 1)))) & ($audit_scope),questionnaire,$audit_scope,hypothese_apurement,a_valider,documente_questionnaire,export_excel_diagnostic,04_18_Q_Q_COHESION_SOCIALE_ET_ENGAGEMENT.do
Q_Q_Q7_SKIP,Q,Q.COHESION SOCIALE ET ENGAGEMENT,Q7,Q7,saut_univers,(HHP_fin!=null && consentement==1),(!missing(HHP_fin) & (!missing(consentement) & (consentement == 1))),translated,(!missing(Q7)) & !((!missing(HHP_fin) & (!missing(consentement) & (consentement == 1)))) & ($audit_scope),questionnaire,$audit_scope,hypothese_apurement,a_valider,documente_questionnaire,export_excel_diagnostic,04_18_Q_Q_COHESION_SOCIALE_ET_ENGAGEMENT.do
Q_Q_Q7_DOMAIN,Q,Q.COHESION SOCIALE ET ENGAGEMENT,Q7,Q7,domaine,(HHP_fin!=null && consentement==1),(!missing(HHP_fin) & (!missing(consentement) & (consentement == 1))),translated,"!((inlist(Q7, 1, 2, 3, 4, 9))) & (!missing(Q7)) & ($audit_scope)",questionnaire,$audit_scope,hypothese_apurement,a_valider,documente_questionnaire,export_excel_diagnostic,04_18_Q_Q_COHESION_SOCIALE_ET_ENGAGEMENT.do
Q_Q_Q8_MISSING,Q,Q.COHESION SOCIALE ET ENGAGEMENT,Q8,Q8,manquant_univers,(HHP_fin!=null && consentement==1),(!missing(HHP_fin) & (!missing(consentement) & (consentement == 1))),translated,(missing(Q8)) & ((!missing(HHP_fin) & (!missing(consentement) & (consentement == 1)))) & ($audit_scope),questionnaire,$audit_scope,hypothese_apurement,a_valider,documente_questionnaire,export_excel_diagnostic,04_18_Q_Q_COHESION_SOCIALE_ET_ENGAGEMENT.do
Q_Q_Q8_SKIP,Q,Q.COHESION SOCIALE ET ENGAGEMENT,Q8,Q8,saut_univers,(HHP_fin!=null && consentement==1),(!missing(HHP_fin) & (!missing(consentement) & (consentement == 1))),translated,(!missing(Q8)) & !((!missing(HHP_fin) & (!missing(consentement) & (consentement == 1)))) & ($audit_scope),questionnaire,$audit_scope,hypothese_apurement,a_valider,documente_questionnaire,export_excel_diagnostic,04_18_Q_Q_COHESION_SOCIALE_ET_ENGAGEMENT.do
Q_Q_Q8_DOMAIN,Q,Q.COHESION SOCIALE ET ENGAGEMENT,Q8,Q8,domaine,(HHP_fin!=null && consentement==1),(!missing(HHP_fin) & (!missing(consentement) & (consentement == 1))),translated,"!((inlist(Q8, 1, 2, 3, 4, 9))) & (!missing(Q8)) & ($audit_scope)",questionnaire,$audit_scope,hypothese_apurement,a_valider,documente_questionnaire,export_excel_diagnostic,04_18_Q_Q_COHESION_SOCIALE_ET_ENGAGEMENT.do
Q_Q_Q9_MISSING,Q,Q.COHESION SOCIALE ET ENGAGEMENT,Q9,Q9,manquant_univers,(HHP_fin!=null && consentement==1),(!missing(HHP_fin) & (!missing(consentement) & (consentement == 1))),translated,(missing(Q9)) & ((!missing(HHP_fin) & (!missing(consentement) & (consentement == 1)))) & ($audit_scope),questionnaire,$audit_scope,hypothese_apurement,a_valider,documente_questionnaire,export_excel_diagnostic,04_18_Q_Q_COHESION_SOCIALE_ET_ENGAGEMENT.do
Q_Q_Q9_SKIP,Q,Q.COHESION SOCIALE ET ENGAGEMENT,Q9,Q9,saut_univers,(HHP_fin!=null && consentement==1),(!missing(HHP_fin) & (!missing(consentement) & (consentement == 1))),translated,(!missing(Q9)) & !((!missing(HHP_fin) & (!missing(consentement) & (consentement == 1)))) & ($audit_scope),questionnaire,$audit_scope,hypothese_apurement,a_valider,documente_questionnaire,export_excel_diagnostic,04_18_Q_Q_COHESION_SOCIALE_ET_ENGAGEMENT.do
Q_Q_Q9_DOMAIN,Q,Q.COHESION SOCIALE ET ENGAGEMENT,Q9,Q9,domaine,(HHP_fin!=null && consentement==1),(!missing(HHP_fin) & (!missing(consentement) & (consentement == 1))),translated,"!((inlist(Q9, 1, 2, 3, 4, 9))) & (!missing(Q9)) & ($audit_scope)",questionnaire,$audit_scope,hypothese_apurement,a_valider,documente_questionnaire,export_excel_diagnostic,04_18_Q_Q_COHESION_SOCIALE_ET_ENGAGEMENT.do
Q_Q_Q10_MISSING,Q,Q.COHESION SOCIALE ET ENGAGEMENT,Q10,Q10,manquant_univers,(HHP_fin!=null && consentement==1),(!missing(HHP_fin) & (!missing(consentement) & (consentement == 1))),translated,(missing(Q10)) & ((!missing(HHP_fin) & (!missing(consentement) & (consentement == 1)))) & ($audit_scope),questionnaire,$audit_scope,hypothese_apurement,a_valider,documente_questionnaire,export_excel_diagnostic,04_18_Q_Q_COHESION_SOCIALE_ET_ENGAGEMENT.do
Q_Q_Q10_SKIP,Q,Q.COHESION SOCIALE ET ENGAGEMENT,Q10,Q10,saut_univers,(HHP_fin!=null && consentement==1),(!missing(HHP_fin) & (!missing(consentement) & (consentement == 1))),translated,(!missing(Q10)) & !((!missing(HHP_fin) & (!missing(consentement) & (consentement == 1)))) & ($audit_scope),questionnaire,$audit_scope,hypothese_apurement,a_valider,documente_questionnaire,export_excel_diagnostic,04_18_Q_Q_COHESION_SOCIALE_ET_ENGAGEMENT.do
Q_Q_Q10_DOMAIN,Q,Q.COHESION SOCIALE ET ENGAGEMENT,Q10,Q10,domaine,(HHP_fin!=null && consentement==1),(!missing(HHP_fin) & (!missing(consentement) & (consentement == 1))),translated,"!((inlist(Q10, 1, 2, 3, 4, 9))) & (!missing(Q10)) & ($audit_scope)",questionnaire,$audit_scope,hypothese_apurement,a_valider,documente_questionnaire,export_excel_diagnostic,04_18_Q_Q_COHESION_SOCIALE_ET_ENGAGEMENT.do
Q_Q_HHQ_fin_MISSING,Q,Q.COHESION SOCIALE ET ENGAGEMENT,HHQ_fin,HHQ_fin,manquant_univers,(HHP_fin!=null && consentement==1),(!missing(HHP_fin) & (!missing(consentement) & (consentement == 1))),translated,"((missing(HHQ_fin) | trim(HHQ_fin) == """")) & ((!missing(HHP_fin) & (!missing(consentement) & (consentement == 1)))) & ($audit_scope)",questionnaire,$audit_scope,hypothese_apurement,a_valider,documente_questionnaire,export_excel_diagnostic,04_18_Q_Q_COHESION_SOCIALE_ET_ENGAGEMENT.do
Q_Q_HHQ_fin_SKIP,Q,Q.COHESION SOCIALE ET ENGAGEMENT,HHQ_fin,HHQ_fin,saut_univers,(HHP_fin!=null && consentement==1),(!missing(HHP_fin) & (!missing(consentement) & (consentement == 1))),translated,"((!missing(HHQ_fin) & trim(HHQ_fin) != """")) & !((!missing(HHP_fin) & (!missing(consentement) & (consentement == 1)))) & ($audit_scope)",questionnaire,$audit_scope,hypothese_apurement,a_valider,documente_questionnaire,export_excel_diagnostic,04_18_Q_Q_COHESION_SOCIALE_ET_ENGAGEMENT.do
Q_R_HHR_debut_MISSING,R,R. SUIVI PANEL,HHR_debut,HHR_debut,manquant_univers,(HHQ_fin!=null && consentement==1),(!missing(HHQ_fin) & (!missing(consentement) & (consentement == 1))),translated,"((missing(HHR_debut) | trim(HHR_debut) == """")) & ((!missing(HHQ_fin) & (!missing(consentement) & (consentement == 1)))) & ($audit_scope)",questionnaire,$audit_scope,hypothese_apurement,a_valider,documente_questionnaire,export_excel_diagnostic,04_19_R_R_SUIVI_PANEL.do
Q_R_HHR_debut_SKIP,R,R. SUIVI PANEL,HHR_debut,HHR_debut,saut_univers,(HHQ_fin!=null && consentement==1),(!missing(HHQ_fin) & (!missing(consentement) & (consentement == 1))),translated,"((!missing(HHR_debut) & trim(HHR_debut) != """")) & !((!missing(HHQ_fin) & (!missing(consentement) & (consentement == 1)))) & ($audit_scope)",questionnaire,$audit_scope,hypothese_apurement,a_valider,documente_questionnaire,export_excel_diagnostic,04_19_R_R_SUIVI_PANEL.do
Q_R_R1_MISSING,R,R. SUIVI PANEL,R1,R1,manquant_univers,(HHQ_fin!=null && consentement==1),(!missing(HHQ_fin) & (!missing(consentement) & (consentement == 1))),translated,(missing(R1)) & ((!missing(HHQ_fin) & (!missing(consentement) & (consentement == 1)))) & ($audit_scope),questionnaire,$audit_scope,hypothese_apurement,a_valider,documente_questionnaire,export_excel_diagnostic,04_19_R_R_SUIVI_PANEL.do
Q_R_R1_SKIP,R,R. SUIVI PANEL,R1,R1,saut_univers,(HHQ_fin!=null && consentement==1),(!missing(HHQ_fin) & (!missing(consentement) & (consentement == 1))),translated,(!missing(R1)) & !((!missing(HHQ_fin) & (!missing(consentement) & (consentement == 1)))) & ($audit_scope),questionnaire,$audit_scope,hypothese_apurement,a_valider,documente_questionnaire,export_excel_diagnostic,04_19_R_R_SUIVI_PANEL.do
Q_R_R1_DOMAIN,R,R. SUIVI PANEL,R1,R1,domaine,(HHQ_fin!=null && consentement==1),(!missing(HHQ_fin) & (!missing(consentement) & (consentement == 1))),translated,"!((inlist(R1, 1, 2))) & (!missing(R1)) & ($audit_scope)",questionnaire,$audit_scope,hypothese_apurement,a_valider,documente_questionnaire,export_excel_diagnostic,04_19_R_R_SUIVI_PANEL.do
Q_R_R1A_PII,R,R. SUIVI PANEL,R1A,R1A,confidentialite,(HHQ_fin!=null && consentement==1) && (R1==2),,PII_EXCLUDED,,questionnaire,$audit_scope,hypothese_apurement,a_valider,restriction_confidentialite,ne_pas_exporter,04_19_R_R_SUIVI_PANEL.do
Q_R_R2_MISSING,R,R. SUIVI PANEL,R2,R2,manquant_univers,(HHQ_fin!=null && consentement==1),(!missing(HHQ_fin) & (!missing(consentement) & (consentement == 1))),translated,(missing(R2)) & ((!missing(HHQ_fin) & (!missing(consentement) & (consentement == 1)))) & ($audit_scope),questionnaire,$audit_scope,hypothese_apurement,a_valider,documente_questionnaire,export_excel_diagnostic,04_19_R_R_SUIVI_PANEL.do
Q_R_R2_SKIP,R,R. SUIVI PANEL,R2,R2,saut_univers,(HHQ_fin!=null && consentement==1),(!missing(HHQ_fin) & (!missing(consentement) & (consentement == 1))),translated,(!missing(R2)) & !((!missing(HHQ_fin) & (!missing(consentement) & (consentement == 1)))) & ($audit_scope),questionnaire,$audit_scope,hypothese_apurement,a_valider,documente_questionnaire,export_excel_diagnostic,04_19_R_R_SUIVI_PANEL.do
Q_R_R2_DOMAIN,R,R. SUIVI PANEL,R2,R2,domaine,(HHQ_fin!=null && consentement==1),(!missing(HHQ_fin) & (!missing(consentement) & (consentement == 1))),translated,"!((inlist(R2, 1, 2))) & (!missing(R2)) & ($audit_scope)",questionnaire,$audit_scope,hypothese_apurement,a_valider,documente_questionnaire,export_excel_diagnostic,04_19_R_R_SUIVI_PANEL.do
Q_R_R2A_PII,R,R. SUIVI PANEL,R2A,R2A,confidentialite,(HHQ_fin!=null && consentement==1) && (R2==1),,PII_EXCLUDED,,questionnaire,$audit_scope,hypothese_apurement,a_valider,restriction_confidentialite,ne_pas_exporter,04_19_R_R_SUIVI_PANEL.do
Q_R_R3_MISSING,R,R. SUIVI PANEL,R3,R3,manquant_univers,(HHQ_fin!=null && consentement==1),(!missing(HHQ_fin) & (!missing(consentement) & (consentement == 1))),translated,(missing(R3)) & ((!missing(HHQ_fin) & (!missing(consentement) & (consentement == 1)))) & ($audit_scope),questionnaire,$audit_scope,hypothese_apurement,a_valider,documente_questionnaire,export_excel_diagnostic,04_19_R_R_SUIVI_PANEL.do
Q_R_R3_SKIP,R,R. SUIVI PANEL,R3,R3,saut_univers,(HHQ_fin!=null && consentement==1),(!missing(HHQ_fin) & (!missing(consentement) & (consentement == 1))),translated,(!missing(R3)) & !((!missing(HHQ_fin) & (!missing(consentement) & (consentement == 1)))) & ($audit_scope),questionnaire,$audit_scope,hypothese_apurement,a_valider,documente_questionnaire,export_excel_diagnostic,04_19_R_R_SUIVI_PANEL.do
Q_R_R3_DOMAIN,R,R. SUIVI PANEL,R3,R3,domaine,(HHQ_fin!=null && consentement==1),(!missing(HHQ_fin) & (!missing(consentement) & (consentement == 1))),translated,"!((inlist(R3, 1, 2))) & (!missing(R3)) & ($audit_scope)",questionnaire,$audit_scope,hypothese_apurement,a_valider,documente_questionnaire,export_excel_diagnostic,04_19_R_R_SUIVI_PANEL.do
Q_R_R3A_MISSING,R,R. SUIVI PANEL,R3A,R3A,manquant_univers,(HHQ_fin!=null && consentement==1) && (R3==1),(!missing(HHQ_fin) & (!missing(consentement) & (consentement == 1))) & ((!missing(R3) & (R3 == 1))),translated,(missing(R3A)) & ((!missing(HHQ_fin) & (!missing(consentement) & (consentement == 1))) & ((!missing(R3) & (R3 == 1)))) & ($audit_scope),questionnaire,$audit_scope,hypothese_apurement,a_valider,documente_questionnaire,export_excel_diagnostic,04_19_R_R_SUIVI_PANEL.do
Q_R_R3A_SKIP,R,R. SUIVI PANEL,R3A,R3A,saut_univers,(HHQ_fin!=null && consentement==1) && (R3==1),(!missing(HHQ_fin) & (!missing(consentement) & (consentement == 1))) & ((!missing(R3) & (R3 == 1))),translated,(!missing(R3A)) & !((!missing(HHQ_fin) & (!missing(consentement) & (consentement == 1))) & ((!missing(R3) & (R3 == 1)))) & ($audit_scope),questionnaire,$audit_scope,hypothese_apurement,a_valider,documente_questionnaire,export_excel_diagnostic,04_19_R_R_SUIVI_PANEL.do
Q_R_R3A_DOMAIN,R,R. SUIVI PANEL,R3A,R3A,domaine,(HHQ_fin!=null && consentement==1) && (R3==1),(!missing(HHQ_fin) & (!missing(consentement) & (consentement == 1))) & ((!missing(R3) & (R3 == 1))),translated,"!((inlist(R3A, 1, 2))) & (!missing(R3A)) & ($audit_scope)",questionnaire,$audit_scope,hypothese_apurement,a_valider,documente_questionnaire,export_excel_diagnostic,04_19_R_R_SUIVI_PANEL.do
Q_R_R3B_PII,R,R. SUIVI PANEL,R3B,R3B,confidentialite,(HHQ_fin!=null && consentement==1) && (R3A==2),,PII_EXCLUDED,,questionnaire,$audit_scope,hypothese_apurement,a_valider,restriction_confidentialite,ne_pas_exporter,04_19_R_R_SUIVI_PANEL.do
Q_R_R4_PII,R,R. SUIVI PANEL,R4,R4,confidentialite,(HHQ_fin!=null && consentement==1),,PII_EXCLUDED,,questionnaire,$audit_scope,hypothese_apurement,a_valider,restriction_confidentialite,ne_pas_exporter,04_19_R_R_SUIVI_PANEL.do
Q_R_R5_MISSING,R,R. SUIVI PANEL,R5,R5,manquant_univers,(HHQ_fin!=null && consentement==1),(!missing(HHQ_fin) & (!missing(consentement) & (consentement == 1))),translated,(missing(R5)) & ((!missing(HHQ_fin) & (!missing(consentement) & (consentement == 1)))) & ($audit_scope),questionnaire,$audit_scope,hypothese_apurement,a_valider,documente_questionnaire,export_excel_diagnostic,04_19_R_R_SUIVI_PANEL.do
Q_R_R5_SKIP,R,R. SUIVI PANEL,R5,R5,saut_univers,(HHQ_fin!=null && consentement==1),(!missing(HHQ_fin) & (!missing(consentement) & (consentement == 1))),translated,(!missing(R5)) & !((!missing(HHQ_fin) & (!missing(consentement) & (consentement == 1)))) & ($audit_scope),questionnaire,$audit_scope,hypothese_apurement,a_valider,documente_questionnaire,export_excel_diagnostic,04_19_R_R_SUIVI_PANEL.do
Q_R_R5_DOMAIN,R,R. SUIVI PANEL,R5,R5,domaine,(HHQ_fin!=null && consentement==1),(!missing(HHQ_fin) & (!missing(consentement) & (consentement == 1))),translated,"!((inlist(R5, 1, 2))) & (!missing(R5)) & ($audit_scope)",questionnaire,$audit_scope,hypothese_apurement,a_valider,documente_questionnaire,export_excel_diagnostic,04_19_R_R_SUIVI_PANEL.do
Q_R_R6_PII,R,R. SUIVI PANEL,R6,R6,confidentialite,(HHQ_fin!=null && consentement==1),,PII_EXCLUDED,,questionnaire,$audit_scope,hypothese_apurement,a_valider,restriction_confidentialite,ne_pas_exporter,04_19_R_R_SUIVI_PANEL.do
Q_R_R7_MISSING,R,R. SUIVI PANEL,R7,R7,manquant_univers,(HHQ_fin!=null && consentement==1) && (R6!=null),(!missing(HHQ_fin) & (!missing(consentement) & (consentement == 1))) & (!missing(R6)),translated,(missing(R7)) & ((!missing(HHQ_fin) & (!missing(consentement) & (consentement == 1))) & (!missing(R6))) & ($audit_scope),questionnaire,$audit_scope,hypothese_apurement,a_valider,documente_questionnaire,export_excel_diagnostic,04_19_R_R_SUIVI_PANEL.do
Q_R_R7_SKIP,R,R. SUIVI PANEL,R7,R7,saut_univers,(HHQ_fin!=null && consentement==1) && (R6!=null),(!missing(HHQ_fin) & (!missing(consentement) & (consentement == 1))) & (!missing(R6)),translated,(!missing(R7)) & !((!missing(HHQ_fin) & (!missing(consentement) & (consentement == 1))) & (!missing(R6))) & ($audit_scope),questionnaire,$audit_scope,hypothese_apurement,a_valider,documente_questionnaire,export_excel_diagnostic,04_19_R_R_SUIVI_PANEL.do
Q_R_R7_DOMAIN,R,R. SUIVI PANEL,R7,R7,domaine,(HHQ_fin!=null && consentement==1) && (R6!=null),(!missing(HHQ_fin) & (!missing(consentement) & (consentement == 1))) & (!missing(R6)),translated,"!((inlist(R7, 1, 2, 3))) & (!missing(R7)) & ($audit_scope)",questionnaire,$audit_scope,hypothese_apurement,a_valider,documente_questionnaire,export_excel_diagnostic,04_19_R_R_SUIVI_PANEL.do
Q_R_HHR_fin_MISSING,R,R. SUIVI PANEL,HHR_fin,HHR_fin,manquant_univers,(HHQ_fin!=null && consentement==1),(!missing(HHQ_fin) & (!missing(consentement) & (consentement == 1))),translated,"((missing(HHR_fin) | trim(HHR_fin) == """")) & ((!missing(HHQ_fin) & (!missing(consentement) & (consentement == 1)))) & ($audit_scope)",questionnaire,$audit_scope,hypothese_apurement,a_valider,documente_questionnaire,export_excel_diagnostic,04_19_R_R_SUIVI_PANEL.do
Q_R_HHR_fin_SKIP,R,R. SUIVI PANEL,HHR_fin,HHR_fin,saut_univers,(HHQ_fin!=null && consentement==1),(!missing(HHQ_fin) & (!missing(consentement) & (consentement == 1))),translated,"((!missing(HHR_fin) & trim(HHR_fin) != """")) & !((!missing(HHQ_fin) & (!missing(consentement) & (consentement == 1)))) & ($audit_scope)",questionnaire,$audit_scope,hypothese_apurement,a_valider,documente_questionnaire,export_excel_diagnostic,04_19_R_R_SUIVI_PANEL.do
DEM_AGE_DOMAIN,C,REGLE METIER SECTION C,age,age,domaine,,!missing(age) & (age < 15 | age > 99) & (analysis_eligible_provisoire == 1),executable_metier_propose,!missing(age) & (age < 15 | age > 99) & (analysis_eligible_provisoire == 1),metier_propose,$metier_scope,hypothese_apurement,a_valider,a_valider,export_excel_diagnostic,50_controles_metier_proposes.do
DEM_AGE_TARGET,C,REGLE METIER SECTION C,age,age,ciblage,,!missing(age) & (age < 15 | age > 35) & (analysis_eligible_provisoire == 1),executable_metier_propose,!missing(age) & (age < 15 | age > 35) & (analysis_eligible_provisoire == 1),PAD/metier_propose,$metier_scope,hypothese_apurement,a_valider,a_valider,revoir_ciblage,50_controles_metier_proposes.do
EMP_HOURS_OVER_84,G,REGLE METIER SECTION G,G3,G3,plausibilite,,"EMPLOYE == 1 & !missing(G3) & G3 <= 168 & (G3 + cond(G5 == 1 & !missing(G6) & G6 <= 168, G6, 0)) > 84 & (analysis_eligible_provisoire == 1)",executable_metier_propose,"EMPLOYE == 1 & !missing(G3) & G3 <= 168 & (G3 + cond(G5 == 1 & !missing(G6) & G6 <= 168, G6, 0)) > 84 & (analysis_eligible_provisoire == 1)",metier_propose,$metier_scope,hypothese_apurement,a_valider,a_valider,export_excel_diagnostic,50_controles_metier_proposes.do
EMP_H4A_LARGE,H,REGLE METIER SECTION H,H4A,H4A,plausibilite,,"EMPLOYE == 1 & inlist(F1,2,3) & !missing(H4A) & H4A > 100 & (analysis_eligible_provisoire == 1)",executable_metier_propose,"EMPLOYE == 1 & inlist(F1,2,3) & !missing(H4A) & H4A > 100 & (analysis_eligible_provisoire == 1)",metier_propose,$metier_scope,hypothese_apurement,a_valider,a_valider,export_excel_diagnostic,50_controles_metier_proposes.do
INCOME_H5_LARGE,H,REGLE METIER SECTION H,H5,H5,plausibilite,,"EMPLOYE == 1 & inlist(F1,2,3,4) & !missing(H5) & H5 != 999999 & H5 > 5000000 & (analysis_eligible_provisoire == 1)",executable_metier_propose,"EMPLOYE == 1 & inlist(F1,2,3,4) & !missing(H5) & H5 != 999999 & H5 > 5000000 & (analysis_eligible_provisoire == 1)",metier_propose,$metier_scope,hypothese_apurement,a_valider,a_valider,export_excel_diagnostic,50_controles_metier_proposes.do
COH_Q2_NUMERIC,Q,REGLE METIER SECTION Q,Q2,Q2,codification,,"!missing(Q2) & trim(Q2) != """" & missing(real(trim(Q2))) & (analysis_eligible_provisoire == 1)",executable_metier_propose,"!missing(Q2) & trim(Q2) != """" & missing(real(trim(Q2))) & (analysis_eligible_provisoire == 1)",donnee_observee/metier_propose,$metier_scope,hypothese_apurement,a_valider,a_valider,codification_manuelle,50_controles_metier_proposes.do
